arquivo_csv,quantidade_itens,capacidade_peso,capacidade_volume,algoritmo,execucoes,tempo_medio,tempo_mediano,desvio_padrao_tempo,tempo_minimo,tempo_maximo,lucro_medio,coeficiente_variacao_tempo
CSV_100a1000.csv,100,100,100,dp,10,"0,0024","0,0019","0,0013","0,00081","0,0049",3927.7,"0,55"
CSV_100a1000.csv,100,100,100,bt,10,"0,0022","0,0015","0,0026","0,00054","0,0092",3927.7,"1,1946"
CSV_100a1000.csv,100,100,100,bb,10,"0,00071","0,00048","0,00054","0,00018","0,0015",3927.7,"0,77"
CSV_100a1000.csv,100,100,200,dp,10,"0,0039","0,0036","0,0016","0,0014","0,0073",4550.3,"0,4"
CSV_100a1000.csv,100,100,200,bt,10,"0,0027","0,0023","0,0021","0,00046","0,0071",4550.3,"0,76"
CSV_100a1000.csv,100,100,200,bb,10,"0,0008","0,00048","0,00091","0,000099","0,0031",4550.3,"1,1436"
CSV_100a1000.csv,100,100,300,dp,10,"0,0033","0,0033","0,0019","0,00081","0,0063",3789.4,"0,56"
CSV_100a1000.csv,100,100,300,bt,10,"0,0013","0,0011","0,00074","0,00036","0,0026",3789.4,"0,59"
CSV_100a1000.csv,100,100,300,bb,10,"0,00053","0,00047","0,00048","0,000069","0,0017",3789.4,"0,89"
CSV_100a1000.csv,100,100,400,dp,10,"0,0037","0,0034","0,002","0,0016","0,0074",4196.9,"0,55"
CSV_100a1000.csv,100,100,400,bt,10,"0,0016","0,0014","0,0011","0,00053","0,0045",4196.9,"0,71"
CSV_100a1000.csv,100,100,400,bb,10,"0,00037","0,0003","0,00024","0,00011","0,00082",4196.9,"0,66"
CSV_100a1000.csv,100,100,500,dp,10,"0,0039","0,0038","0,0018","0,0014","0,007",3888.5,"0,47"
CSV_100a1000.csv,100,100,500,bt,10,"0,0021","0,0016","0,0016","0,00031","0,0048",3888.5,"0,79"
CSV_100a1000.csv,100,100,500,bb,10,"0,0009","0,00062","0,00097","0,0002","0,0034",3888.5,"1,0798"
CSV_100a1000.csv,100,200,100,dp,10,"0,0041","0,0043","0,0015","0,0018","0,0064",4300.5,"0,36"
CSV_100a1000.csv,100,200,100,bt,10,"0,0036","0,0026","0,0026","0,0011","0,009",4300.5,"0,71"
CSV_100a1000.csv,100,200,100,bb,10,"0,00092","0,00063","0,00069","0,00026","0,0022",4300.5,"0,75"
CSV_100a1000.csv,100,200,200,dp,10,"0,0053","0,0044","0,0026","0,0017","0,01",4254.6,"0,5"
CSV_100a1000.csv,100,200,200,bt,10,"0,0031","0,0026","0,0018","0,00078","0,0056",4254.6,"0,6"
CSV_100a1000.csv,100,200,200,bb,10,"0,0011","0,00078","0,0011","0,000094","0,0036",4254.6,"0,94"
CSV_100a1000.csv,100,200,300,dp,10,"0,0059","0,0057","0,0037","0,00077","0,014",4423.0,"0,63"
CSV_100a1000.csv,100,200,300,bt,10,"0,0031","0,0029","0,0022","0,00036","0,0068",4423.0,"0,7"
CSV_100a1000.csv,100,200,300,bb,10,"0,00066","0,00048","0,00063","0,00007","0,0019",4423.0,"0,95"
CSV_100a1000.csv,100,200,400,dp,10,"0,012","0,0038","0,02","0,0014","0,066",4838.1,"1,7030"
CSV_100a1000.csv,100,200,400,bt,10,"0,0042","0,0017","0,0075","0,0004","0,025",4838.1,"1,7769"
CSV_100a1000.csv,100,200,400,bb,10,"0,00051","0,00031","0,00046","0,00011","0,0016",4838.1,"0,89"
CSV_100a1000.csv,100,200,500,dp,10,"0,0046","0,0045","0,0012","0,0025","0,0061",4399.6,"0,25"
CSV_100a1000.csv,100,200,500,bt,10,"0,0016","0,0015","0,00054","0,00091","0,0028",4399.6,"0,33"
CSV_100a1000.csv,100,200,500,bb,10,"0,00041","0,00025","0,00037","0,000084","0,0011",4399.6,"0,89"
CSV_100a1000.csv,100,300,100,dp,10,"0,0032","0,0033","0,0013","0,0012","0,005",3571.0,"0,39"
CSV_100a1000.csv,100,300,100,bt,10,"0,0016","0,0015","0,00061","0,00064","0,0024",3571.0,"0,38"
CSV_100a1000.csv,100,300,100,bb,10,"0,00062","0,00042","0,00059","0,00013","0,0022",3571.0,"0,96"
CSV_100a1000.csv,100,300,200,dp,10,"0,0062","0,0045","0,0042","0,0019","0,012",4229.1,"0,68"
CSV_100a1000.csv,100,300,200,bt,10,"0,0031","0,0023","0,0025","0,00059","0,0076",4229.1,"0,81"
CSV_100a1000.csv,100,300,200,bb,10,"0,0011","0,00085","0,00079","0,00029","0,0027",4229.1,"0,75"
CSV_100a1000.csv,100,300,300,dp,10,"0,0051","0,0045","0,0045","0,0012","0,017",4066.5,"0,89"
CSV_100a1000.csv,100,300,300,bt,10,"0,0018","0,0015","0,0012","0,00061","0,0038",4066.5,"0,65"
CSV_100a1000.csv,100,300,300,bb,10,"0,00051","0,00054","0,00029","0,000082","0,00093",4066.5,"0,56"
CSV_100a1000.csv,100,300,400,dp,10,"0,0067","0,0063","0,0028","0,0029","0,012",4547.6,"0,42"
CSV_100a1000.csv,100,300,400,bt,10,"0,0023","0,0022","0,00088","0,0012","0,0039",4547.6,"0,38"
CSV_100a1000.csv,100,300,400,bb,10,"0,00061","0,00055","0,00045","0,000097","0,0014",4547.6,"0,74"
CSV_100a1000.csv,100,300,500,dp,10,"0,0052","0,0045","0,0042","0,00098","0,016",4077.3,"0,8"
CSV_100a1000.csv,100,300,500,bt,10,"0,0018","0,0015","0,0016","0,00035","0,006",4077.3,"0,88"
CSV_100a1000.csv,100,300,500,bb,10,"0,0006","0,00034","0,00084","0,00022","0,003",4077.3,"1,3927"
CSV_100a1000.csv,100,400,100,dp,10,"0,0054","0,0049","0,0026","0,0026","0,011",4235.1,"0,47"
CSV_100a1000.csv,100,400,100,bt,10,"0,0024","0,0019","0,0013","0,00048","0,0046",4235.1,"0,55"
CSV_100a1000.csv,100,400,100,bb,10,"0,00049","0,00041","0,00026","0,00022","0,0009",4235.1,"0,53"
CSV_100a1000.csv,100,400,200,dp,10,"0,0059","0,0036","0,007","0,0016","0,026",4041.8,"1,1848"
CSV_100a1000.csv,100,400,200,bt,10,"0,0018","0,0015","0,0011","0,0004","0,0042",4041.8,"0,65"
CSV_100a1000.csv,100,400,200,bb,10,"0,00061","0,00043","0,00056","0,00021","0,0018",4041.8,"0,91"
CSV_100a1000.csv,100,400,300,dp,10,"0,0082","0,0062","0,006","0,0015","0,021",4501.3,"0,74"
CSV_100a1000.csv,100,400,300,bt,10,"0,0028","0,0022","0,0024","0,00073","0,0087",4501.3,"0,87"
CSV_100a1000.csv,100,400,300,bb,10,"0,00067","0,00059","0,00048","0,00018","0,0018",4501.3,"0,71"
CSV_100a1000.csv,100,400,400,dp,10,"0,0098","0,0077","0,0072","0,0022","0,024",4676.2,"0,73"
CSV_100a1000.csv,100,400,400,bt,10,"0,0022","0,0026","0,0011","0,00071","0,0036",4676.2,"0,48"
CSV_100a1000.csv,100,400,400,bb,10,"0,00033","0,00028","0,00021","0,00012","0,00084",4676.2,"0,62"
CSV_100a1000.csv,100,400,500,dp,10,"0,0043","0,0042","0,0014","0,002","0,0062",4146.1,"0,32"
CSV_100a1000.csv,100,400,500,bt,10,"0,0017","0,002","0,0007","0,00078","0,0026",4146.1,"0,41"
CSV_100a1000.csv,100,400,500,bb,10,"0,00064","0,0006","0,00025","0,00024","0,0012",4146.1,"0,39"
CSV_100a1000.csv,100,500,100,dp,10,"0,0078","0,0051","0,0096","0,0013","0,033",4165.4,"1,2383"
CSV_100a1000.csv,100,500,100,bt,10,"0,0042","0,002","0,0052","0,00047","0,016",4165.4,"1,2549"
CSV_100a1000.csv,100,500,100,bb,10,"0,0012","0,00073","0,0012","0,0002","0,0042",4165.4,"1,0229"
CSV_100a1000.csv,100,500,200,dp,10,"0,0085","0,0078","0,0044","0,0016","0,016",4531.5,"0,52"
CSV_100a1000.csv,100,500,200,bt,10,"0,0043","0,0031","0,0037","0,00048","0,013",4531.5,"0,86"
CSV_100a1000.csv,100,500,200,bb,10,"0,00095","0,00056","0,001","0,00025","0,0037",4531.5,"1,0945"
CSV_100a1000.csv,100,500,300,dp,10,"0,0093","0,0062","0,011","0,0016","0,037",3965.9,"1,1758"
CSV_100a1000.csv,100,500,300,bt,10,"0,003","0,0016","0,0033","0,00042","0,01",3965.9,"1,0941"
CSV_100a1000.csv,100,500,300,bb,10,"0,00079","0,00065","0,00073","0,00013","0,0025",3965.9,"0,92"
CSV_100a1000.csv,100,500,400,dp,10,"0,0099","0,0041","0,012","0,0016","0,039",4208.6,"1,1852"
CSV_100a1000.csv,100,500,400,bt,10,"0,0029","0,0015","0,0029","0,00059","0,0085",4208.6,"0,98"
CSV_100a1000.csv,100,500,400,bb,10,"0,001","0,00033","0,0011","0,00022","0,0033",4208.6,"1,1293"
CSV_100a1000.csv,100,500,500,dp,10,"0,0044","0,0034","0,003","0,002","0,012",4076.7,"0,67"
CSV_100a1000.csv,100,500,500,bt,10,"0,0016","0,0012","0,0014","0,00063","0,0051",4076.7,"0,84"
CSV_100a1000.csv,100,500,500,bb,10,"0,0006","0,00047","0,00036","0,00015","0,0012",4076.7,"0,6"
CSV_100a1000.csv,200,100,100,dp,10,"0,01","0,0097","0,0026","0,0075","0,015",5297.2,"0,25"
CSV_100a1000.csv,200,100,100,bt,10,"0,11","0,054","0,13","0,014","0,36",5297.2,"1,1192"
CSV_100a1000.csv,200,100,100,bb,10,"0,013","0,013","0,01","0,0015","0,027",5297.2,"0,76"
CSV_100a1000.csv,200,100,200,dp,10,"0,016","0,015","0,0068","0,0088","0,031",5377.8,"0,42"
CSV_100a1000.csv,200,100,200,bt,10,"0,11","0,052","0,12","0,011","0,33",5377.8,"1,1022"
CSV_100a1000.csv,200,100,200,bb,10,"0,02","0,011","0,021","0,0028","0,067",5377.8,"1,0711"
CSV_100a1000.csv,200,100,300,dp,10,"0,021","0,02","0,0081","0,01","0,034",5595.9,"0,4"
CSV_100a1000.csv,200,100,300,bt,10,"0,099","0,069","0,08","0,024","0,25",5595.9,"0,81"
CSV_100a1000.csv,200,100,300,bb,10,"0,011","0,0073","0,0087","0,003","0,026",5595.9,"0,8"
CSV_100a1000.csv,200,100,400,dp,10,"0,032","0,032","0,0063","0,021","0,044",5812.3,"0,2"
CSV_100a1000.csv,200,100,400,bt,10,"0,11","0,12","0,034","0,045","0,16",5812.3,"0,3"
CSV_100a1000.csv,200,100,400,bb,10,"0,021","0,018","0,015","0,0046","0,052",5812.3,"0,73"
CSV_100a1000.csv,200,100,500,dp,10,"0,045","0,033","0,032","0,02","0,12",6026.7,"0,7"
CSV_100a1000.csv,200,100,500,bt,10,"0,24","0,072","0,35","0,024","1,1383",6026.7,"1,5000"
CSV_100a1000.csv,200,100,500,bb,10,"0,027","0,0062","0,038","0,0032","0,1",6026.7,"1,4452"
CSV_100a1000.csv,200,200,100,dp,10,"0,019","0,019","0,0059","0,013","0,028",5980.5,"0,31"
CSV_100a1000.csv,200,200,100,bt,10,"0,33","0,05","0,41","0,027","1,0714",5980.5,"1,2449"
CSV_100a1000.csv,200,200,100,bb,10,"0,029","0,016","0,034","0,0023","0,1",5980.5,"1,1626"
CSV_100a1000.csv,200,200,200,dp,10,"0,033","0,028","0,014","0,017","0,063",5732.4,"0,43"
CSV_100a1000.csv,200,200,200,bt,10,"0,12","0,08","0,11","0,02","0,4",5732.4,"0,95"
CSV_100a1000.csv,200,200,200,bb,10,"0,025","0,024","0,02","0,007","0,073",5732.4,"0,8"
CSV_100a1000.csv,200,200,300,dp,10,"0,038","0,034","0,016","0,021","0,075",5268.0,"0,4"
CSV_100a1000.csv,200,200,300,bt,10,"0,09","0,054","0,083","0,013","0,26",5268.0,"0,92"
CSV_100a1000.csv,200,200,300,bb,10,"0,023","0,021","0,02","0,0023","0,069",5268.0,"0,85"
CSV_100a1000.csv,200,200,400,dp,10,"0,044","0,048","0,023","0,016","0,08",5008.8,"0,52"
CSV_100a1000.csv,200,200,400,bt,10,"0,069","0,059","0,055","0,014","0,15",5008.8,"0,8"
CSV_100a1000.csv,200,200,400,bb,10,"0,012","0,011","0,0063","0,0037","0,022",5008.8,"0,55"
CSV_100a1000.csv,200,200,500,dp,10,"0,081","0,084","0,039","0,029","0,15",5612.4,"0,48"
CSV_100a1000.csv,200,200,500,bt,10,"0,13","0,11","0,094","0,037","0,31",5612.4,"0,71"
CSV_100a1000.csv,200,200,500,bb,10,"0,024","0,017","0,024","0,0037","0,075",5612.4,1
CSV_100a1000.csv,200,300,100,dp,10,"0,018","0,019","0,0052","0,01","0,026",5017.9,"0,29"
CSV_100a1000.csv,200,300,100,bt,10,"0,051","0,04","0,037","0,011","0,13",5017.9,"0,71"
CSV_100a1000.csv,200,300,100,bb,10,"0,0098","0,0044","0,01","0,0032","0,033",5017.9,"1,0411"
CSV_100a1000.csv,200,300,200,dp,10,"0,037","0,031","0,022","0,02","0,091",5224.1,"0,58"
CSV_100a1000.csv,200,300,200,bt,10,"0,26","0,046","0,47","0,016","1,2973",5224.1,"1,7774"
CSV_100a1000.csv,200,300,200,bb,10,"0,032","0,01","0,056","0,0049","0,19",5224.1,"1,7141"
CSV_100a1000.csv,200,300,300,dp,10,"0,052","0,041","0,026","0,021","0,093",5369.6,"0,51"
CSV_100a1000.csv,200,300,300,bt,10,"0,15","0,096","0,19","0,014","0,65",5369.6,"1,2942"
CSV_100a1000.csv,200,300,300,bb,10,"0,033","0,015","0,056","0,002","0,19",5369.6,"1,7356"
CSV_100a1000.csv,200,300,400,dp,10,"0,062","0,066","0,026","0,02","0,093",5103.7,"0,41"
CSV_100a1000.csv,200,300,400,bt,10,"0,069","0,059","0,055","0,014","0,2",5103.7,"0,79"
CSV_100a1000.csv,200,300,400,bb,10,"0,0096","0,0089","0,0058","0,0033","0,021",5103.7,"0,6"
CSV_100a1000.csv,200,300,500,dp,10,"0,14","0,058","0,15","0,038","0,49",5579.7,"1,1044"
CSV_100a1000.csv,200,300,500,bt,10,"0,16","0,068","0,21","0,02","0,63",5579.7,"1,3125"
CSV_100a1000.csv,200,300,500,bb,10,"0,018","0,013","0,014","0,0073","0,056",5579.7,"0,83"
CSV_100a1000.csv,200,400,100,dp,10,"0,023","0,021","0,0053","0,016","0,031",5588.3,"0,23"
CSV_100a1000.csv,200,400,100,bt,10,"0,061","0,053","0,039","0,013","0,12",5588.3,"0,65"
CSV_100a1000.csv,200,400,100,bb,10,"0,01","0,0077","0,0085","0,0012","0,026",5588.3,"0,83"
CSV_100a1000.csv,200,400,200,dp,10,"0,043","0,044","0,012","0,025","0,068",5473.3,"0,28"
CSV_100a1000.csv,200,400,200,bt,10,"0,1","0,074","0,11","0,033","0,41",5473.3,"1,0761"
CSV_100a1000.csv,200,400,200,bb,10,"0,024","0,024","0,015","0,0045","0,043",5473.3,"0,62"
CSV_100a1000.csv,200,400,300,dp,10,"0,069","0,057","0,048","0,023","0,17",5468.0,"0,7"
CSV_100a1000.csv,200,400,300,bt,10,"0,14","0,07","0,21","0,018","0,71",5468.0,"1,4774"
CSV_100a1000.csv,200,400,300,bb,10,"0,024","0,016","0,026","0,0038","0,084",5468.0,"1,0632"
CSV_100a1000.csv,200,400,400,dp,10,"0,11","0,076","0,08","0,046","0,27",4977.5,"0,71"
CSV_100a1000.csv,200,400,400,bt,10,"0,13","0,067","0,15","0,035","0,51",4977.5,"1,1296"
CSV_100a1000.csv,200,400,400,bb,10,"0,033","0,029","0,024","0,0043","0,082",4977.5,"0,71"
CSV_100a1000.csv,200,400,500,dp,10,"0,17","0,12","0,15","0,067","0,5",5729.8,"0,85"
CSV_100a1000.csv,200,400,500,bt,10,"0,2","0,099","0,25","0,028","0,76",5729.8,"1,2605"
CSV_100a1000.csv,200,400,500,bb,10,"0,031","0,022","0,028","0,0042","0,078",5729.8,"0,9"
CSV_100a1000.csv,200,500,100,dp,10,"0,038","0,037","0,011","0,024","0,055",5445.8,"0,27"
CSV_100a1000.csv,200,500,100,bt,10,"0,096","0,098","0,049","0,022","0,17",5445.8,"0,51"
CSV_100a1000.csv,200,500,100,bb,10,"0,022","0,018","0,014","0,0061","0,051",5445.8,"0,64"
CSV_100a1000.csv,200,500,200,dp,10,"0,056","0,051","0,026","0,023","0,12",5369.8,"0,47"
CSV_100a1000.csv,200,500,200,bt,10,"0,099","0,071","0,081","0,021","0,27",5369.8,"0,83"
CSV_100a1000.csv,200,500,200,bb,10,"0,011","0,01","0,0066","0,0035","0,021",5369.8,"0,63"
CSV_100a1000.csv,200,500,300,dp,10,"0,1","0,075","0,075","0,039","0,3",5028.1,"0,73"
CSV_100a1000.csv,200,500,300,bt,10,"0,11","0,054","0,16","0,016","0,54",5028.1,"1,4891"
CSV_100a1000.csv,200,500,300,bb,10,"0,02","0,02","0,014","0,0032","0,055",5028.1,"0,72"
CSV_100a1000.csv,200,500,400,dp,10,"0,19","0,16","0,084","0,084","0,31",5748.9,"0,45"
CSV_100a1000.csv,200,500,400,bt,10,"0,13","0,11","0,081","0,046","0,25",5748.9,"0,61"
CSV_100a1000.csv,200,500,400,bb,10,"0,022","0,021","0,0089","0,006","0,032",5748.9,"0,41"
CSV_100a1000.csv,200,500,500,dp,10,"0,24","0,18","0,18","0,035","0,6",5393.3,"0,75"
CSV_100a1000.csv,200,500,500,bt,10,"0,21","0,061","0,36","0,015","1,1560",5393.3,"1,7116"
CSV_100a1000.csv,200,500,500,bb,10,"0,042","0,012","0,066","0,0055","0,2",5393.3,"1,5534"
CSV_100a1000.csv,300,100,100,dp,10,"0,022","0,021","0,0042","0,017","0,03",6354.1,"0,19"
CSV_100a1000.csv,300,100,100,bt,10,"2,7396","1,1548","4,5653","0,44","15,3898",6354.1,"1,6664"
CSV_100a1000.csv,300,100,100,bb,10,"0,19","0,1","0,25","0,041","0,86",6354.1,"1,3071"
CSV_100a1000.csv,300,100,200,dp,10,"0,033","0,033","0,0049","0,026","0,041",5983.5,"0,15"
CSV_100a1000.csv,300,100,200,bt,10,"0,86","0,49","0,77","0,1","2,4686",5983.5,"0,9"
CSV_100a1000.csv,300,100,200,bb,10,"0,13","0,11","0,098","0,024","0,31",5983.5,"0,78"
CSV_100a1000.csv,300,100,300,dp,10,"0,05","0,049","0,0096","0,036","0,062",6375.0,"0,19"
CSV_100a1000.csv,300,100,300,bt,10,"1,6414","0,87","2,3681","0,15","8,1053",6375.0,"1,4427"
CSV_100a1000.csv,300,100,300,bb,10,"0,23","0,097","0,33","0,026","1,0640",6375.0,"1,4293"
CSV_100a1000.csv,300,100,400,dp,10,"0,084","0,074","0,037","0,04","0,17",6114.5,"0,44"
CSV_100a1000.csv,300,100,400,bt,10,"1,1412","1,1170","0,81","0,26","2,8479",6114.5,"0,71"
CSV_100a1000.csv,300,100,400,bb,10,"0,3","0,13","0,38","0,015","1,0323",6114.5,"1,2513"
CSV_100a1000.csv,300,100,500,dp,10,"0,092","0,093","0,03","0,05","0,13",6653.4,"0,33"
CSV_100a1000.csv,300,100,500,bt,10,"1,2741","0,75","1,1744","0,24","3,6880",6653.4,"0,92"
CSV_100a1000.csv,300,100,500,bb,10,"0,17","0,16","0,096","0,044","0,32",6653.4,"0,57"
CSV_100a1000.csv,300,200,100,dp,10,"0,035","0,036","0,0062","0,022","0,042",6508.5,"0,18"
CSV_100a1000.csv,300,200,100,bt,10,"3,1302","1,2010","5,7418","0,15","19,2404",6508.5,"1,8343"
CSV_100a1000.csv,300,200,100,bb,10,"0,18","0,087","0,16","0,046","0,46",6508.5,"0,88"
CSV_100a1000.csv,300,200,200,dp,10,"0,08","0,085","0,02","0,039","0,1",6189.4,"0,25"
CSV_100a1000.csv,300,200,200,bt,10,"1,9924","1,6981","2,2015","0,069","7,5451",6189.4,"1,1049"
CSV_100a1000.csv,300,200,200,bb,10,"0,31","0,22","0,38","0,012","1,3005",6189.4,"1,1999"
CSV_100a1000.csv,300,200,300,dp,10,"0,12","0,13","0,035","0,06","0,16",6873.3,"0,3"
CSV_100a1000.csv,300,200,300,bt,10,"2,4258","1,4577","2,4109","0,18","6,6028",6873.3,"0,99"
CSV_100a1000.csv,300,200,300,bb,10,"0,37","0,27","0,29","0,043","0,8",6873.3,"0,78"
CSV_100a1000.csv,300,200,400,dp,10,"0,19","0,17","0,068","0,14","0,37",6336.7,"0,36"
CSV_100a1000.csv,300,200,400,bt,10,"4,3146","1,2272","8,5461","0,48","28,4302",6336.7,"1,9808"
CSV_100a1000.csv,300,200,400,bb,10,"0,32","0,17","0,39","0,076","1,3472",6336.7,"1,2060"
CSV_100a1000.csv,300,200,500,dp,10,"0,18","0,17","0,064","0,084","0,26",6321.8,"0,35"
CSV_100a1000.csv,300,200,500,bt,10,"1,9222","1,4369","2,4522","0,16","8,4817",6321.8,"1,2757"
CSV_100a1000.csv,300,200,500,bb,10,"0,28","0,15","0,3","0,025","0,87",6321.8,"1,0963"
CSV_100a1000.csv,300,300,100,dp,10,"0,05","0,049","0,0067","0,04","0,059",6281.6,"0,13"
CSV_100a1000.csv,300,300,100,bt,10,"1,8905","1,4751","1,4828","0,31","5,0556",6281.6,"0,78"
CSV_100a1000.csv,300,300,100,bb,10,"0,21","0,16","0,14","0,048","0,45",6281.6,"0,66"
CSV_100a1000.csv,300,300,200,dp,10,"0,11","0,09","0,065","0,074","0,29",6280.4,"0,58"
CSV_100a1000.csv,300,300,200,bt,10,"1,5794","0,73","1,7005","0,46","5,1130",6280.4,"1,0767"
CSV_100a1000.csv,300,300,200,bb,10,"0,21","0,15","0,13","0,074","0,47",6280.4,"0,62"
CSV_100a1000.csv,300,300,300,dp,10,"0,14","0,13","0,042","0,081","0,23",6098.7,"0,3"
CSV_100a1000.csv,300,300,300,bt,10,"1,0775","0,64","0,83","0,13","2,1941",6098.7,"0,77"
CSV_100a1000.csv,300,300,300,bb,10,"0,16","0,16","0,083","0,023","0,29",6098.7,"0,51"
CSV_100a1000.csv,300,300,400,dp,10,"0,24","0,22","0,11","0,098","0,46",6118.0,"0,45"
CSV_100a1000.csv,300,300,400,bt,10,"1,5264","0,83","1,7409","0,11","4,9991",6118.0,"1,1405"
CSV_100a1000.csv,300,300,400,bb,10,"0,19","0,14","0,18","0,0084","0,56",6118.0,"0,96"
CSV_100a1000.csv,300,300,500,dp,10,"0,43","0,44","0,14","0,21","0,65",6162.9,"0,33"
CSV_100a1000.csv,300,300,500,bt,10,"1,3139","1,2570","0,71","0,37","2,5479",6162.9,"0,54"
CSV_100a1000.csv,300,300,500,bb,10,"0,21","0,16","0,13","0,076","0,45",6162.9,"0,61"
CSV_100a1000.csv,300,400,100,dp,10,"0,063","0,063","0,012","0,047","0,086",6166.4,"0,2"
CSV_100a1000.csv,300,400,100,bt,10,"2,1972","1,1926","3,3102","0,16","11,3556",6166.4,"1,5066"
CSV_100a1000.csv,300,400,100,bb,10,"0,23","0,16","0,18","0,031","0,5",6166.4,"0,78"
CSV_100a1000.csv,300,400,200,dp,10,"0,16","0,14","0,053","0,1","0,25",6753.1,"0,33"
CSV_100a1000.csv,300,400,200,bt,10,"2,8190","1,0581","4,3368","0,26","14,5534",6753.1,"1,5384"
CSV_100a1000.csv,300,400,200,bb,10,"0,25","0,089","0,29","0,038","0,95",6753.1,"1,1826"
CSV_100a1000.csv,300,400,300,dp,10,"0,24","0,24","0,07","0,14","0,39",6577.0,"0,29"
CSV_100a1000.csv,300,400,300,bt,10,"1,7384","1,4668","1,0492","0,5","3,2347",6577.0,"0,6"
CSV_100a1000.csv,300,400,300,bb,10,"0,19","0,14","0,14","0,065","0,55",6577.0,"0,72"
CSV_100a1000.csv,300,400,400,dp,10,"0,36","0,31","0,24","0,13","0,95",6979.4,"0,68"
CSV_100a1000.csv,300,400,400,bt,10,"1,7347","1,0017","1,8667","0,23","6,3499",6979.4,"1,0761"
CSV_100a1000.csv,300,400,400,bb,10,"0,2","0,08","0,19","0,035","0,54",6979.4,"0,96"
CSV_100a1000.csv,300,400,500,dp,10,"0,69","0,64","0,33","0,27","1,2738",7276.1,"0,47"
CSV_100a1000.csv,300,400,500,bt,10,"6,3355","2,1344","13,4486","0,31","44,3981",7276.1,"2,1227"
CSV_100a1000.csv,300,400,500,bb,10,"0,35","0,22","0,42","0,042","1,4708",7276.1,"1,1923"
CSV_100a1000.csv,300,500,100,dp,10,"0,08","0,077","0,019","0,05","0,11",6361.6,"0,23"
CSV_100a1000.csv,300,500,100,bt,10,"1,3376","1,4421","0,79","0,24","2,4338",6361.6,"0,59"
CSV_100a1000.csv,300,500,100,bb,10,"0,17","0,16","0,11","0,04","0,41",6361.6,"0,66"
CSV_100a1000.csv,300,500,200,dp,10,"0,24","0,15","0,19","0,11","0,73",6277.0,"0,8"
CSV_100a1000.csv,300,500,200,bt,10,"1,6917","0,88","1,6239","0,26","4,7334",6277.0,"0,96"
CSV_100a1000.csv,300,500,200,bb,10,"0,27","0,18","0,24","0,096","0,82",6277.0,"0,91"
CSV_100a1000.csv,300,500,300,dp,10,"0,26","0,23","0,14","0,15","0,64",6409.1,"0,54"
CSV_100a1000.csv,300,500,300,bt,10,"1,4874","0,9","2,0426","0,45","7,2197",6409.1,"1,3732"
CSV_100a1000.csv,300,500,300,bb,10,"0,3","0,12","0,56","0,032","1,8726",6409.1,"1,8882"
CSV_100a1000.csv,300,500,400,dp,10,"0,49","0,39","0,3","0,17","1,0730",6424.9,"0,61"
CSV_100a1000.csv,300,500,400,bt,10,"2,1005","0,89","2,6638","0,38","8,3268",6424.9,"1,2682"
CSV_100a1000.csv,300,500,400,bb,10,"0,29","0,32","0,21","0,021","0,69",6424.9,"0,73"
CSV_100a1000.csv,300,500,500,dp,10,"0,8","0,71","0,44","0,18","1,7145",6461.0,"0,56"
CSV_100a1000.csv,300,500,500,bt,10,"1,6827","0,91","1,8004","0,14","5,8667",6461.0,"1,0699"
CSV_100a1000.csv,300,500,500,bb,10,"0,23","0,15","0,27","0,021","0,94",6461.0,"1,1529"
CSV_100a1000.csv,400,100,100,dp,10,"0,035","0,035","0,0047","0,028","0,04",6823.5,"0,14"
CSV_100a1000.csv,400,100,100,bt,10,"11,4634","4,4165","17,4901","1,2867","58,8035",6823.5,"1,5257"
CSV_100a1000.csv,400,100,100,bb,10,"0,94","0,42","1,3028","0,082","4,4563",6823.5,"1,3925"
CSV_100a1000.csv,400,100,200,dp,10,"0,056","0,055","0,008","0,049","0,073",6630.7,"0,14"
CSV_100a1000.csv,400,100,200,bt,10,"10,4280","5,1652","11,5000","1,1928","35,4940",6630.7,"1,1028"
CSV_100a1000.csv,400,100,200,bb,10,"1,2935","0,69","2,1230","0,11","7,2214",6630.7,"1,6413"
CSV_100a1000.csv,400,100,300,dp,10,"0,11","0,11","0,015","0,089","0,14",7883.1,"0,14"
CSV_100a1000.csv,400,100,300,bt,10,"40,8587","16,5086","52,4309","8,0310","174,9578",7883.1,"1,2832"
CSV_100a1000.csv,400,100,300,bb,10,"3,5055","1,0612","7,6286","0,052","25,1196",7883.1,"2,1762"
CSV_100a1000.csv,400,100,400,dp,10,"0,13","0,14","0,038","0,06","0,18",7183.5,"0,29"
CSV_100a1000.csv,400,100,400,bt,10,"9,2037","8,2300","7,8078","0,55","28,9866",7183.5,"0,85"
CSV_100a1000.csv,400,100,400,bb,10,"0,92","0,96","0,59","0,13","1,8622",7183.5,"0,64"
CSV_100a1000.csv,400,100,500,dp,10,"0,18","0,17","0,041","0,14","0,27",6667.5,"0,22"
CSV_100a1000.csv,400,100,500,bt,10,"19,9798","7,3313","27,2315","2,5160","88,0219",6667.5,"1,3630"
CSV_100a1000.csv,400,100,500,bb,10,"3,1653","1,2255","5,1305","0,19","17,2801",6667.5,"1,6208"
CSV_100a1000.csv,400,200,100,dp,10,"0,063","0,061","0,0078","0,053","0,076",7312.0,"0,12"
CSV_100a1000.csv,400,200,100,bt,10,"41,9067","8,7687","59,9314","1,0059","179,5639",7312.0,"1,4301"
CSV_100a1000.csv,400,200,100,bb,10,"4,5362","1,7578","7,8062","0,086","25,8800",7312.0,"1,7209"
CSV_100a1000.csv,400,200,200,dp,10,"0,13","0,13","0,032","0,071","0,19",7319.7,"0,25"
CSV_100a1000.csv,400,200,200,bt,10,"14,4491","13,2559","8,5969","4,5775","29,2430",7319.7,"0,59"
CSV_100a1000.csv,400,200,200,bb,10,"1,9518","1,6754","1,0102","1,2726","4,6947",7319.7,"0,52"
CSV_100a1000.csv,400,200,300,dp,10,"0,2","0,19","0,024","0,18","0,25",6674.6,"0,12"
CSV_100a1000.csv,400,200,300,bt,10,"10,1400","7,7317","10,6741","2,6549","39,3199",6674.6,"1,0527"
CSV_100a1000.csv,400,200,300,bb,10,"1,8044","1,5597","1,4210","0,62","5,4802",6674.6,"0,79"
CSV_100a1000.csv,400,200,400,dp,10,"0,32","0,34","0,092","0,16","0,46",7177.4,"0,29"
CSV_100a1000.csv,400,200,400,bt,10,"12,4610","10,6088","13,1744","0,6","46,0412",7177.4,"1,0572"
CSV_100a1000.csv,400,200,400,bb,10,"1,9558","1,0786","2,2793","0,13","6,6367",7177.4,"1,1654"
CSV_100a1000.csv,400,200,500,dp,10,"0,45","0,4","0,18","0,26","0,85",7018.4,"0,41"
CSV_100a1000.csv,400,200,500,bt,10,"18,4996","6,4436","21,3516","2,2613","68,4122",7018.4,"1,1542"
CSV_100a1000.csv,400,200,500,bb,10,"1,5399","0,9","1,2950","0,49","3,8011",7018.4,"0,84"
CSV_100a1000.csv,400,300,100,dp,10,"0,093","0,077","0,025","0,074","0,13",6967.3,"0,27"
CSV_100a1000.csv,400,300,100,bt,10,"15,2600","8,9980","13,9768","3,0471","38,7961",6967.3,"0,92"
CSV_100a1000.csv,400,300,100,bb,10,"1,5598","1,3230","1,1579","0,3","3,5717",6967.3,"0,74"
CSV_100a1000.csv,400,300,200,dp,10,"0,16","0,15","0,033","0,12","0,2",7401.1,"0,21"
CSV_100a1000.csv,400,300,200,bt,10,"18,7368","9,2546","27,3839","2,7475","93,9074",7401.1,"1,4615"
CSV_100a1000.csv,400,300,200,bb,10,"1,6221","1,5500","1,1901","0,25","3,8463",7401.1,"0,73"
CSV_100a1000.csv,400,300,300,dp,10,"0,29","0,28","0,1","0,15","0,5",6813.4,"0,36"
CSV_100a1000.csv,400,300,300,bt,10,"13,5828","8,8359","11,4274","1,2030","30,5586",6813.4,"0,84"
CSV_100a1000.csv,400,300,300,bb,10,"1,2821","1,1097","0,98","0,26","3,2298",6813.4,"0,77"
CSV_100a1000.csv,400,300,400,dp,10,"0,58","0,58","0,21","0,31","0,93",7444.2,"0,36"
CSV_100a1000.csv,400,300,400,bt,10,"21,1209","12,9898","27,3483","1,5376","96,8060",7444.2,"1,2948"
CSV_100a1000.csv,400,300,400,bb,10,"1,3413","1,1973","0,72","0,37","2,3344",7444.2,"0,54"
CSV_100a1000.csv,400,300,500,dp,10,"0,7","0,73","0,31","0,34","1,1716",6859.6,"0,44"
CSV_100a1000.csv,400,300,500,bt,10,"8,5610","3,7043","11,6814","1,1724","39,2735",6859.6,"1,3645"
CSV_100a1000.csv,400,300,500,bb,10,"0,74","0,35","0,87","0,17","2,6688",6859.6,"1,1758"
CSV_100a1000.csv,400,400,100,dp,10,"0,15","0,16","0,037","0,096","0,2",7412.1,"0,25"
CSV_100a1000.csv,400,400,100,bt,10,"20,8046","15,1010","18,0580","3,4819","51,2019",7412.1,"0,87"
CSV_100a1000.csv,400,400,100,bb,10,"2,2840","1,6164","2,1087","0,26","6,8270",7412.1,"0,92"
CSV_100a1000.csv,400,400,200,dp,10,"0,26","0,22","0,099","0,17","0,47",6695.6,"0,38"
CSV_100a1000.csv,400,400,200,bt,10,"9,8648","6,5173","8,9679","2,3550","29,4893",6695.6,"0,91"
CSV_100a1000.csv,400,400,200,bb,10,"1,1240","0,8","0,94","0,26","3,4088",6695.6,"0,84"
CSV_100a1000.csv,400,400,300,dp,10,"0,52","0,39","0,31","0,28","1,0498",7056.1,"0,59"
CSV_100a1000.csv,400,400,300,bt,10,"47,9998","9,3464","77,5131","2,8102","194,4518",7056.1,"1,6149"
CSV_100a1000.csv,400,400,300,bb,10,"6,1809","1,2842","11,3360","0,19","36,2651",7056.1,"1,8340"
CSV_100a1000.csv,400,400,400,dp,10,"1,0399","0,99","0,38","0,4","1,6496",7612.1,"0,37"
CSV_100a1000.csv,400,400,400,bt,10,"31,1554","10,1163","59,5887","3,6518","198,2179",7612.1,"1,9126"
CSV_100a1000.csv,400,400,400,bb,10,"1,4997","1,0997","1,3055","0,16","4,4105",7612.1,"0,87"
CSV_100a1000.csv,400,400,500,dp,10,"1,5335","1,2966","0,97","0,77","3,9271",7201.3,"0,63"
CSV_100a1000.csv,400,400,500,bt,10,"22,7179","14,0597","22,0805","1,2864","69,3686",7201.3,"0,97"
CSV_100a1000.csv,400,400,500,bb,10,"2,4170","1,6389","2,0338","0,16","6,4038",7201.3,"0,84"
CSV_100a1000.csv,400,500,100,dp,10,"0,15","0,15","0,026","0,11","0,19",6991.8,"0,17"
CSV_100a1000.csv,400,500,100,bt,10,"10,5853","6,8544","11,3009","2,8583","40,4273",6991.8,"1,0676"
CSV_100a1000.csv,400,500,100,bb,10,"0,78","0,61","0,42","0,37","1,6023",6991.8,"0,54"
CSV_100a1000.csv,400,500,200,dp,10,"0,36","0,37","0,082","0,2","0,47",7517.7,"0,23"
CSV_100a1000.csv,400,500,200,bt,10,"33,5050","8,3703","58,6846","1,8483","194,1976",7517.7,"1,7515"
CSV_100a1000.csv,400,500,200,bb,10,"1,2449","1,0259","1,1118","0,14","3,5955",7517.7,"0,89"
CSV_100a1000.csv,400,500,300,dp,10,"0,93","0,93","0,3","0,55","1,4295",7776.6,"0,33"
CSV_100a1000.csv,400,500,300,bt,10,"26,6543","15,8497","22,5936","7,4564","64,1605",7776.6,"0,85"
CSV_100a1000.csv,400,500,300,bb,10,"2,7965","1,6588","2,7898","0,34","9,0152",7776.6,1
CSV_100a1000.csv,400,500,400,dp,10,"1,3643","1,4456","0,6","0,48","2,0878",7217.2,"0,44"
CSV_100a1000.csv,400,500,400,bt,10,"26,1252","13,7461","31,8763","1,5648","101,1296",7217.2,"1,2201"
CSV_100a1000.csv,400,500,400,bb,10,"3,5587","2,3643","3,6060","0,28","10,8838",7217.2,"1,0133"
CSV_100a1000.csv,400,500,500,dp,10,"1,7542","1,7069","0,63","1,0157","2,6977",7319.3,"0,36"
CSV_100a1000.csv,400,500,500,bt,10,"19,4468","8,8626","25,5802","0,86","77,9252",7319.3,"1,3154"
CSV_100a1000.csv,400,500,500,bb,10,"2,8428","1,5048","3,6893","0,18","10,6008",7319.3,"1,2978"
CSV_100a1000.csv,500,100,100,dp,10,"0,042","0,042","0,0029","0,037","0,046",7090.4,"0,069"
CSV_100a1000.csv,500,100,100,bt,10,"34,5330","29,5508","27,7903","6,1790","85,3180",7090.4,"0,8"
CSV_100a1000.csv,500,100,100,bb,10,"3,1293","1,6038","3,4638","0,46","11,4598",7090.4,"1,1069"
CSV_100a1000.csv,500,100,200,dp,10,"0,079","0,081","0,008","0,064","0,088",7364.1,"0,1"
CSV_100a1000.csv,500,100,200,bt,10,"67,1344","42,1173","62,2725","1,6973","203,2551",7364.1,"0,93"
CSV_100a1000.csv,500,100,200,bb,10,"6,9975","5,6187","7,6815","0,43","27,1787",7364.1,"1,0978"
CSV_100a1000.csv,500,100,300,dp,10,"0,15","0,15","0,017","0,12","0,18",7220.0,"0,11"
CSV_100a1000.csv,500,100,300,bt,10,"70,3651","42,7739","69,9212","9,6558","214,3869",7220.0,"0,99"
CSV_100a1000.csv,500,100,300,bb,10,"11,3684","7,6454","15,2550","0,54","50,5482",7220.0,"1,3419"
CSV_100a1000.csv,500,100,400,dp,10,"0,2","0,2","0,041","0,15","0,3",7357.4,"0,2"
CSV_100a1000.csv,500,100,400,bt,10,"88,5676","36,9272","130,1619","11,6418","436,3552",7357.4,"1,4696"
CSV_100a1000.csv,500,100,400,bb,10,"7,0132","4,8987","5,4981","1,5142","16,9082",7357.4,"0,78"
CSV_100a1000.csv,500,100,500,dp,10,"0,25","0,25","0,076","0,13","0,36",7464.0,"0,3"
CSV_100a1000.csv,500,100,500,bt,10,"51,5023","43,6285","47,0896","3,2115","170,9324",7464.0,"0,91"
CSV_100a1000.csv,500,100,500,bb,10,"5,5877","4,8906","4,7493","1,3055","16,5009",7464.0,"0,85"
CSV_100a1000.csv,500,200,100,dp,10,"0,097","0,099","0,014","0,07","0,11",7565.9,"0,14"
CSV_100a1000.csv,500,200,100,bt,10,"78,4299","30,7555","106,7644","11,6182","348,2229",7565.9,"1,3613"
CSV_100a1000.csv,500,200,100,bb,10,"7,2442","3,0223","9,2692","1,0112","31,0466",7565.9,"1,2795"
CSV_100a1000.csv,500,200,200,dp,10,"0,19","0,2","0,023","0,15","0,23",7625.6,"0,12"
CSV_100a1000.csv,500,200,200,bt,10,"126,5538","77,4386","133,0875","13,5092","463,2672",7625.6,"1,0516"
CSV_100a1000.csv,500,200,200,bb,10,"15,6823","12,5516","10,1727","1,4990","32,4487",7625.6,"0,65"
CSV_100a1000.csv,500,200,300,dp,10,"0,23","0,23","0,029","0,19","0,29",7599.0,"0,12"
CSV_100a1000.csv,500,200,300,bt,10,"53,7837","35,4792","54,1556","7,0425","158,2583",7599.0,"1,0069"
CSV_100a1000.csv,500,200,300,bb,10,"6,3472","6,6295","2,9417","0,62","10,0694",7599.0,"0,46"
CSV_100a1000.csv,500,200,400,dp,10,"0,35","0,33","0,051","0,28","0,43",8055.7,"0,15"
CSV_100a1000.csv,500,200,400,bt,10,"84,4519","59,9514","95,5048","4,1932","269,3126",8055.7,"1,1309"
CSV_100a1000.csv,500,200,400,bb,10,"8,1436","5,5282","7,6328","0,89","23,3551",8055.7,"0,94"
CSV_100a1000.csv,500,200,500,dp,10,"0,45","0,47","0,077","0,32","0,57",7152.8,"0,17"
CSV_100a1000.csv,500,200,500,bt,10,"43,9753","36,9659","35,3371","8,8937","117,4470",7152.8,"0,8"
CSV_100a1000.csv,500,200,500,bb,10,"11,5626","4,8386","14,7578","1,4029","46,8348",7152.8,"1,2763"
CSV_100a1000.csv,500,300,100,dp,10,"0,12","0,12","0,021","0,09","0,15",7851.9,"0,18"
CSV_100a1000.csv,500,300,100,bt,10,"137,3689","51,5629","211,5782","5,9053","656,4488",7851.9,"1,5402"
CSV_100a1000.csv,500,300,100,bb,10,"4,8933","2,4440","4,5570","1,0812","13,7418",7851.9,"0,93"
CSV_100a1000.csv,500,300,200,dp,10,"0,29","0,29","0,073","0,16","0,42",8235.9,"0,25"
CSV_100a1000.csv,500,300,200,bt,10,"171,3729","134,0930","206,4395","17,9453","732,8260",8235.9,"1,2046"
CSV_100a1000.csv,500,300,200,bb,10,"8,1526","5,0905","7,3146","2,4236","24,7510",8235.9,"0,9"
CSV_100a1000.csv,500,300,300,dp,10,"0,52","0,53","0,058","0,44","0,62",8164.3,"0,11"
CSV_100a1000.csv,500,300,300,bt,10,"194,4178","64,4667","288,7834","13,6352","963,3315",8164.3,"1,4854"
CSV_100a1000.csv,500,300,300,bb,10,"10,8692","8,5562","10,3858","1,1863","34,2623",8164.3,"0,96"
CSV_100a1000.csv,500,300,400,dp,10,"0,78","0,77","0,13","0,58","0,97",8149.5,"0,17"
CSV_100a1000.csv,500,300,400,bt,10,"187,2320","70,9852","310,4815","32,0215","1050,3075",8149.5,"1,6583"
CSV_100a1000.csv,500,300,400,bb,10,"26,1988","8,0788","36,5986","2,9301","107,7211",8149.5,"1,3970"
CSV_100a1000.csv,500,300,500,dp,10,"0,7","0,64","0,15","0,51","0,95",8168.7,"0,22"
CSV_100a1000.csv,500,300,500,bt,10,"108,5853","45,9840","185,8567","8,4847","623,2614",8168.7,"1,7116"
CSV_100a1000.csv,500,300,500,bb,10,"7,3252","5,9194","6,2416","1,4723","22,2682",8168.7,"0,85"
CSV_100a1000.csv,500,400,100,dp,10,"0,15","0,14","0,035","0,12","0,23",7493.2,"0,23"
CSV_100a1000.csv,500,400,100,bt,10,"55,8382","23,5090","85,0865","7,0123","284,9012",7493.2,"1,5238"
CSV_100a1000.csv,500,400,100,bb,10,"5,6349","3,9730","5,6479","0,45","19,2867",7493.2,"1,0023"
CSV_100a1000.csv,500,400,200,dp,10,"0,26","0,26","0,035","0,21","0,32",7302.2,"0,13"
CSV_100a1000.csv,500,400,200,bt,10,"45,3014","31,3925","45,2470","7,1158","149,6577",7302.2,1
CSV_100a1000.csv,500,400,200,bb,10,"6,5046","6,0454","5,3166","0,86","16,0134",7302.2,"0,82"
CSV_100a1000.csv,500,400,300,dp,10,"0,49","0,47","0,17","0,27","0,9",7874.6,"0,34"
CSV_100a1000.csv,500,400,300,bt,10,"220,6239","30,0675","540,2746","5,5817","1753,0780",7874.6,"2,4488"
CSV_100a1000.csv,500,400,300,bb,10,"6,9671","2,9521","8,3370","0,91","25,4777",7874.6,"1,1966"
CSV_100a1000.csv,500,400,400,dp,10,"0,74","0,72","0,17","0,43","0,99",7546.2,"0,22"
CSV_100a1000.csv,500,400,400,bt,10,"100,8444","45,4032","105,4222","7,1729","283,8861",7546.2,"1,0454"
CSV_100a1000.csv,500,400,400,bb,10,"17,4116","8,9357","26,9236","1,8098","92,7515",7546.2,"1,5463"
CSV_100a1000.csv,500,400,500,dp,10,"1,2335","1,1960","0,26","0,87","1,6729",7890.4,"0,21"
CSV_100a1000.csv,500,400,500,bt,10,"146,4009","58,3139","168,8523","6,9074","533,1504",7890.4,"1,1534"
CSV_100a1000.csv,500,400,500,bb,10,"15,9020","12,9410","17,2591","1,6110","62,1266",7890.4,"1,0853"
CSV_100a1000.csv,500,500,100,dp,10,"0,21","0,2","0,045","0,15","0,28",8214.7,"0,22"
CSV_100a1000.csv,500,500,100,bt,10,"98,6033","56,0965","113,2115","16,5739","348,6443",8214.7,"1,1482"
CSV_100a1000.csv,500,500,100,bb,10,"6,8928","3,8034","6,0547","1,5670","20,4206",8214.7,"0,88"
CSV_100a1000.csv,500,500,200,dp,10,"0,46","0,47","0,11","0,27","0,66",7570.4,"0,23"
CSV_100a1000.csv,500,500,200,bt,10,"172,2416","96,6523","246,9731","6,6482","845,6808",7570.4,"1,4339"
CSV_100a1000.csv,500,500,200,bb,10,"17,3954","6,7426","32,2592","0,81","107,8760",7570.4,"1,8545"
CSV_100a1000.csv,500,500,300,dp,10,"0,84","0,78","0,31","0,47","1,4973",7677.1,"0,37"
CSV_100a1000.csv,500,500,300,bt,10,"68,8537","39,6850","70,0717","8,0334","190,1339",7677.1,"1,0177"
CSV_100a1000.csv,500,500,300,bb,10,"14,5126","2,5381","23,5335","0,66","64,0292",7677.1,"1,6216"
CSV_100a1000.csv,500,500,400,dp,10,"1,5420","1,5202","0,3","1,0220","1,9954",8095.0,"0,19"
CSV_100a1000.csv,500,500,400,bt,10,"179,6648","104,4478","181,4606","26,6613","650,1400",8095.0,"1,0100"
CSV_100a1000.csv,500,500,400,bb,10,"12,8542","7,9411","11,3764","4,7907","42,6678",8095.0,"0,89"
CSV_100a1000.csv,500,500,500,dp,10,"1,9229","1,9914","0,54","1,1131","2,7459",7526.7,"0,28"
CSV_100a1000.csv,500,500,500,bt,10,"97,0820","80,6274","81,2378","16,0508","259,7405",7526.7,"0,84"
CSV_100a1000.csv,500,500,500,bb,10,"12,5329","6,7700","12,6399","2,0216","41,6076",7526.7,"1,0085"
CSV_100a1000.csv,600,100,100,dp,10,"0,059","0,054","0,013","0,045","0,082",7923.6,"0,23"
CSV_100a1000.csv,600,100,100,bt,10,"221,1529","140,4097","244,1747","29,6221","707,5951",7923.6,"1,1041"
CSV_100a1000.csv,600,100,100,bb,10,"13,7618","9,4442","13,6361","2,7272","45,8455",7923.6,"0,99"
CSV_100a1000.csv,600,100,200,dp,10,"0,13","0,11","0,056","0,069","0,27",8101.3,"0,43"
CSV_100a1000.csv,600,100,200,bt,10,"481,5764","192,8623","806,7065","30,7864","2686,1819",8101.3,"1,6751"
CSV_100a1000.csv,600,100,200,bb,10,"20,9546","12,4905","21,7001","4,1354","77,2663",8101.3,"1,0356"
CSV_100a1000.csv,600,100,300,dp,10,"0,17","0,16","0,03","0,12","0,22",8038.6,"0,18"
CSV_100a1000.csv,600,100,300,bt,10,"365,5566","162,9014","544,7932","38,8628","1836,1192",8038.6,"1,4903"
CSV_100a1000.csv,600,100,300,bb,10,"31,1787","23,8082","29,7329","3,8214","94,5122",8038.6,"0,95"
CSV_100a1000.csv,600,100,400,dp,10,"0,29","0,27","0,091","0,19","0,52",8072.0,"0,31"
CSV_100a1000.csv,600,100,400,bt,10,"421,2200","331,2292","414,0173","32,3404","1405,3106",8072.0,"0,98"
CSV_100a1000.csv,600,100,400,bb,10,"37,1106","29,1634","34,3308","2,4436","98,7708",8072.0,"0,93"
CSV_100a1000.csv,600,100,500,dp,10,"0,33","0,31","0,093","0,24","0,56",8206.8,"0,28"
CSV_100a1000.csv,600,100,500,bt,10,"450,9552","144,0206","793,0500","19,9796","2609,8366",8206.8,"1,7586"
CSV_100a1000.csv,600,100,500,bb,10,"44,2530","12,4722","92,6699","2,8818","306,0188",8206.8,"2,0941"
CSV_100a1000.csv,600,200,100,dp,10,"0,11","0,11","0,024","0,085","0,16",7823.7,"0,22"
CSV_100a1000.csv,600,200,100,bt,10,"192,9416","98,3001","245,3100","38,8762","854,1996",7823.7,"1,2714"
CSV_100a1000.csv,600,200,100,bb,10,"20,5519","11,5260","24,1258","2,3823","82,4689",7823.7,"1,1739"
CSV_100a1000.csv,600,200,200,dp,10,"0,18","0,17","0,029","0,14","0,24",8150.6,"0,16"
CSV_100a1000.csv,600,200,200,bt,10,"382,0099","124,6888","598,3678","59,4363","2000,1456",8150.6,"1,5664"
CSV_100a1000.csv,600,200,200,bb,10,"24,3133","9,4611","33,7327","6,3308","110,0824",8150.6,"1,3874"
CSV_100a1000.csv,600,200,300,dp,10,"0,25","0,26","0,024","0,22","0,28",7696.0,"0,093"
CSV_100a1000.csv,600,200,300,bt,10,"147,4280","144,3136","80,5367","24,4003","298,4351",7696.0,"0,55"
CSV_100a1000.csv,600,200,300,bb,10,"33,6554","28,9086","26,5503","3,7533","78,1638",7696.0,"0,79"
CSV_100a1000.csv,600,200,400,dp,10,"0,35","0,34","0,038","0,32","0,44",8404.6,"0,11"
CSV_100a1000.csv,600,200,400,bt,10,"316,3783","324,1347","196,3385","50,8525","684,3097",8404.6,"0,62"
CSV_100a1000.csv,600,200,400,bb,10,"41,0309","33,3961","34,4364","4,1824","105,8106",8404.6,"0,84"
CSV_100a1000.csv,600,200,500,dp,10,"0,42","0,4","0,05","0,35","0,51",8279.9,"0,12"
CSV_100a1000.csv,600,200,500,bt,10,"126,1575","83,3699","116,3686","33,0260","390,0469",8279.9,"0,92"
CSV_100a1000.csv,600,200,500,bb,10,"15,6347","8,8582","16,6817","4,2224","50,4469",8279.9,"1,0670"
CSV_100a1000.csv,600,300,100,dp,10,"0,13","0,13","0,021","0,097","0,16",7861.8,"0,16"
CSV_100a1000.csv,600,300,100,bt,10,"226,5087","54,9178","292,3996","24,7110","820,0880",7861.8,"1,2909"
CSV_100a1000.csv,600,300,100,bb,10,"19,4930","6,1078","32,1946","2,0227","103,5580",7861.8,"1,6516"
CSV_100a1000.csv,600,300,200,dp,10,"0,22","0,22","0,031","0,18","0,28",8009.3,"0,14"
CSV_100a1000.csv,600,300,200,bt,10,"606,9826","290,4088","747,8935","6,4365","2333,8632",8009.3,"1,2321"
CSV_100a1000.csv,600,300,200,bb,10,"25,6339","21,0332","20,3077","1,7672","63,3891",8009.3,"0,79"
CSV_100a1000.csv,600,300,300,dp,10,"0,33","0,34","0,025","0,29","0,37",8526.3,"0,077"
CSV_100a1000.csv,600,300,300,bt,10,"635,1426","361,3328","763,9587","76,8856","2175,1942",8526.3,"1,2028"
CSV_100a1000.csv,600,300,300,bb,10,"67,6443","38,2682","86,9524","3,2172","292,2005",8526.3,"1,2854"
CSV_100a1000.csv,600,300,400,dp,10,"0,48","0,48","0,073","0,37","0,6",8416.7,"0,15"
CSV_100a1000.csv,600,300,400,bt,10,"253,2831","135,2652","314,1789","19,0062","983,9720",8416.7,"1,2404"
CSV_100a1000.csv,600,300,400,bb,10,"28,0511","9,9112","59,0294","2,4325","195,2210",8416.7,"2,1044"
CSV_100a1000.csv,600,300,500,dp,10,"0,79","0,81","0,2","0,44","1,0753",8348.0,"0,25"
CSV_100a1000.csv,600,300,500,bt,10,"306,8193","285,8190","241,5772","13,5934","822,3229",8348.0,"0,79"
CSV_100a1000.csv,600,300,500,bb,10,"41,6608","22,9609","68,3884","2,9687","230,7919",8348.0,"1,6416"
CSV_100a1000.csv,600,400,100,dp,2,"0,16","0,16","0,016","0,14","0,17",7859.0,"0,1"
CSV_100a1000.csv,600,400,100,bt,1,"85,3400","85,3400",,"85,3400","85,3400",7617.0,
CSV_100a1000.csv,600,400,100,bb,1,"11,1719","11,1719",,"11,1719","11,1719",7617.0,
CSV_100a1000.csv,700,500,500,dp,10,"4,6930","3,8115","1,7589","2,7585","7,9340",8738.4,"0,37"
CSV_100a1000.csv,700,500,500,bt,10,"2614,0059","2058,2808","2720,3505","364,6495","9360,8015",8738.4,"1,0407"
CSV_100a1000.csv,700,500,500,bb,10,"383,1361","248,5848","345,5671","60,5248","985,1864",8738.4,"0,9"
CSV_100a1000.csv,800,500,500,dp,3,"4,5788","4,3532","0,55","4,1816","5,2017",10022.333333333334,"0,12"
CSV_100a1000.csv,800,500,500,bt,3,"6021,4829","7441,9415","2547,4614","3080,4952","7542,0120",10022.333333333334,"0,42"
CSV_100a1000.csv,800,500,500,bb,2,"805,7894","805,7894","150,6579","699,2582","912,3207",10034.5,"0,19"
CSV_100a1000.csv,1000,200,200,dp,2,"0,44","0,44","0,059","0,4","0,48",8758.5,"0,13"
CSV_100a1000.csv,1000,200,200,bt,1,"5972,6882","5972,6882",,"5972,6882","5972,6882",9398.0,
CSV_100a1000.csv,1000,200,200,bb,1,"343,2637","343,2637",,"343,2637","343,2637",9398.0,
CSV_300itens_aumento_de_peso_e_volume.csv,100,1000,1000,dp,10,"0,0073","0,0078","0,0041","0,001","0,015",3809.4,"0,56"
CSV_300itens_aumento_de_peso_e_volume.csv,100,1000,1000,bt,10,"0,0016","0,0016","0,00081","0,00035","0,0028",3809.4,"0,49"
CSV_300itens_aumento_de_peso_e_volume.csv,100,1000,1000,bb,10,"0,00056","0,00041","0,00041","0,00012","0,0013",3809.4,"0,74"
CSV_300itens_aumento_de_peso_e_volume.csv,100,1000,100000,dp,10,"0,014","0,012","0,0071","0,0042","0,025",4618.4,"0,5"
CSV_300itens_aumento_de_peso_e_volume.csv,100,1000,100000,bt,10,"0,0047","0,0044","0,0027","0,0014","0,011",4618.4,"0,57"
CSV_300itens_aumento_de_peso_e_volume.csv,100,1000,100000,bb,10,"0,0012","0,00086","0,00095","0,00023","0,0032",4618.4,"0,82"
CSV_300itens_aumento_de_peso_e_volume.csv,100,1000,1000000,dp,10,"0,0066","0,0051","0,0048","0,0013","0,016",4275.5,"0,73"
CSV_300itens_aumento_de_peso_e_volume.csv,100,1000,1000000,bt,10,"0,0026","0,0023","0,0018","0,00045","0,0058",4275.5,"0,69"
CSV_300itens_aumento_de_peso_e_volume.csv,100,1000,1000000,bb,10,"0,00067","0,00044","0,0006","0,0002","0,0022",4275.5,"0,89"
CSV_300itens_aumento_de_peso_e_volume.csv,100,1000,10000000,dp,10,"0,0099","0,0053","0,011","0,0012","0,037",4180.3,"1,1391"
CSV_300itens_aumento_de_peso_e_volume.csv,100,1000,10000000,bt,10,"0,0035","0,0019","0,0043","0,00038","0,014",4180.3,"1,2329"
CSV_300itens_aumento_de_peso_e_volume.csv,100,1000,10000000,bb,10,"0,00078","0,00047","0,00063","0,00023","0,0019",4180.3,"0,81"
CSV_300itens_aumento_de_peso_e_volume.csv,100,1000,100000000,dp,10,"0,0068","0,006","0,0053","0,00071","0,017",4389.6,"0,78"
CSV_300itens_aumento_de_peso_e_volume.csv,100,1000,100000000,bt,10,"0,0023","0,0025","0,0015","0,00039","0,0048",4389.6,"0,65"
CSV_300itens_aumento_de_peso_e_volume.csv,100,1000,100000000,bb,10,"0,00079","0,00068","0,00066","0,000077","0,0021",4389.6,"0,84"
CSV_300itens_aumento_de_peso_e_volume.csv,100,1000,1000000000,dp,10,"0,017","0,0052","0,024","0,0025","0,066",4161.9,"1,3657"
CSV_300itens_aumento_de_peso_e_volume.csv,100,1000,1000000000,bt,10,"0,0032","0,0019","0,0027","0,0012","0,0093",4161.9,"0,83"
CSV_300itens_aumento_de_peso_e_volume.csv,100,1000,1000000000,bb,10,"0,00065","0,00055","0,00036","0,00031","0,0015",4161.9,"0,55"
CSV_300itens_aumento_de_peso_e_volume.csv,100,100000,1000,dp,10,"0,0082","0,0061","0,0068","0,0026","0,025",3940.4,"0,83"
CSV_300itens_aumento_de_peso_e_volume.csv,100,100000,1000,bt,10,"0,0022","0,0016","0,0019","0,0004","0,0071",3940.4,"0,88"
CSV_300itens_aumento_de_peso_e_volume.csv,100,100000,1000,bb,10,"0,0008","0,00063","0,00067","0,00023","0,0025",3940.4,"0,83"
CSV_300itens_aumento_de_peso_e_volume.csv,100,100000,100000,dp,10,"0,015","0,014","0,011","0,0024","0,036",4788.8,"0,77"
CSV_300itens_aumento_de_peso_e_volume.csv,100,100000,100000,bt,10,"0,0049","0,0038","0,0041","0,00064","0,012",4788.8,"0,84"
CSV_300itens_aumento_de_peso_e_volume.csv,100,100000,100000,bb,10,"0,0011","0,00069","0,0009","0,00032","0,0031",4788.8,"0,81"
CSV_300itens_aumento_de_peso_e_volume.csv,100,100000,1000000,dp,10,"0,015","0,0081","0,021","0,0018","0,073",4313.3,"1,4006"
CSV_300itens_aumento_de_peso_e_volume.csv,100,100000,1000000,bt,10,"0,003","0,0032","0,0015","0,00051","0,0053",4313.3,"0,51"
CSV_300itens_aumento_de_peso_e_volume.csv,100,100000,1000000,bb,10,"0,00073","0,00067","0,00043","0,00012","0,0014",4313.3,"0,59"
CSV_300itens_aumento_de_peso_e_volume.csv,100,100000,10000000,dp,10,"0,01","0,0061","0,013","0,001","0,043",4321.4,"1,2490"
CSV_300itens_aumento_de_peso_e_volume.csv,100,100000,10000000,bt,10,"0,003","0,0018","0,003","0,00064","0,01",4321.4,1
CSV_300itens_aumento_de_peso_e_volume.csv,100,100000,10000000,bb,10,"0,00086","0,00082","0,00061","0,00026","0,0022",4321.4,"0,71"
CSV_300itens_aumento_de_peso_e_volume.csv,100,100000,100000000,dp,10,"0,0067","0,0073","0,0039","0,00068","0,011",4023.3,"0,58"
CSV_300itens_aumento_de_peso_e_volume.csv,100,100000,100000000,bt,10,"0,0024","0,0029","0,0016","0,00019","0,0041",4023.3,"0,66"
CSV_300itens_aumento_de_peso_e_volume.csv,100,100000,100000000,bb,10,"0,00045","0,00042","0,00032","0,000082","0,0011",4023.3,"0,71"
CSV_300itens_aumento_de_peso_e_volume.csv,100,100000,1000000000,dp,10,"0,0089","0,0038","0,014","0,00081","0,046",3856.6,"1,5308"
CSV_300itens_aumento_de_peso_e_volume.csv,100,100000,1000000000,bt,10,"0,0028","0,0021","0,0026","0,00037","0,0078",3856.6,"0,95"
CSV_300itens_aumento_de_peso_e_volume.csv,100,100000,1000000000,bb,10,"0,001","0,0009","0,0007","0,00021","0,0023",3856.6,"0,7"
CSV_300itens_aumento_de_peso_e_volume.csv,100,1000000,1000,dp,10,"0,012","0,0082","0,011","0,0015","0,035",4513.9,"0,92"
CSV_300itens_aumento_de_peso_e_volume.csv,100,1000000,1000,bt,10,"0,0032","0,002","0,0035","0,00055","0,012",4513.9,"1,0945"
CSV_300itens_aumento_de_peso_e_volume.csv,100,1000000,1000,bb,10,"0,00094","0,00087","0,00077","0,000054","0,0025",4513.9,"0,82"
CSV_300itens_aumento_de_peso_e_volume.csv,100,1000000,100000,dp,10,"0,0058","0,0049","0,0037","0,0018","0,012",3799.7,"0,65"
CSV_300itens_aumento_de_peso_e_volume.csv,100,1000000,100000,bt,10,"0,002","0,0017","0,0012","0,0006","0,0042",3799.7,"0,61"
CSV_300itens_aumento_de_peso_e_volume.csv,100,1000000,100000,bb,10,"0,00059","0,00048","0,00042","0,00015","0,0015",3799.7,"0,72"
CSV_300itens_aumento_de_peso_e_volume.csv,100,1000000,1000000,dp,10,"0,0083","0,007","0,005","0,0023","0,017",4491.8,"0,61"
CSV_300itens_aumento_de_peso_e_volume.csv,100,1000000,1000000,bt,10,"0,0028","0,0024","0,0018","0,00089","0,0062",4491.8,"0,65"
CSV_300itens_aumento_de_peso_e_volume.csv,100,1000000,1000000,bb,10,"0,0006","0,00059","0,0004","0,00011","0,0014",4491.8,"0,67"
CSV_300itens_aumento_de_peso_e_volume.csv,100,1000000,10000000,dp,10,"0,0069","0,0053","0,007","0,001","0,024",4263.0,"1,0171"
CSV_300itens_aumento_de_peso_e_volume.csv,100,1000000,10000000,bt,10,"0,0024","0,0015","0,0022","0,00056","0,0072",4263.0,"0,92"
CSV_300itens_aumento_de_peso_e_volume.csv,100,1000000,10000000,bb,10,"0,00056","0,00035","0,00047","0,00025","0,0016",4263.0,"0,84"
CSV_300itens_aumento_de_peso_e_volume.csv,100,1000000,100000000,dp,10,"0,0089","0,0057","0,007","0,0032","0,025",4335.2,"0,78"
CSV_300itens_aumento_de_peso_e_volume.csv,100,1000000,100000000,bt,10,"0,0025","0,0021","0,0014","0,00071","0,0056",4335.2,"0,58"
CSV_300itens_aumento_de_peso_e_volume.csv,100,1000000,100000000,bb,10,"0,00043","0,00036","0,00033","0,00013","0,0013",4335.2,"0,76"
CSV_300itens_aumento_de_peso_e_volume.csv,100,1000000,1000000000,dp,10,"0,012","0,011","0,0081","0,0014","0,024",4431.0,"0,67"
CSV_300itens_aumento_de_peso_e_volume.csv,100,1000000,1000000000,bt,10,"0,0037","0,0032","0,0022","0,00074","0,0067",4431.0,"0,61"
CSV_300itens_aumento_de_peso_e_volume.csv,100,1000000,1000000000,bb,10,"0,00068","0,00052","0,00045","0,00029","0,0015",4431.0,"0,67"
CSV_300itens_aumento_de_peso_e_volume.csv,100,10000000,1000,dp,10,"0,0044","0,0025","0,0038","0,00088","0,011",3923.2,"0,85"
CSV_300itens_aumento_de_peso_e_volume.csv,100,10000000,1000,bt,10,"0,0017","0,0011","0,0012","0,00046","0,0038",3923.2,"0,71"
CSV_300itens_aumento_de_peso_e_volume.csv,100,10000000,1000,bb,10,"0,00064","0,00044","0,00048","0,00027","0,0018",3923.2,"0,74"
CSV_300itens_aumento_de_peso_e_volume.csv,100,10000000,100000,dp,10,"0,0075","0,0073","0,0036","0,0019","0,013",4170.3,"0,48"
CSV_300itens_aumento_de_peso_e_volume.csv,100,10000000,100000,bt,10,"0,003","0,0025","0,0022","0,00093","0,008",4170.3,"0,73"
CSV_300itens_aumento_de_peso_e_volume.csv,100,10000000,100000,bb,10,"0,00074","0,00049","0,00056","0,00031","0,0021",4170.3,"0,76"
CSV_300itens_aumento_de_peso_e_volume.csv,100,10000000,1000000,dp,10,"0,019","0,0088","0,028","0,0016","0,093",4725.9,"1,4721"
CSV_300itens_aumento_de_peso_e_volume.csv,100,10000000,1000000,bt,10,"0,0032","0,0018","0,0031","0,00063","0,01",4725.9,"0,96"
CSV_300itens_aumento_de_peso_e_volume.csv,100,10000000,1000000,bb,10,"0,00083","0,00044","0,001","0,00006","0,0037",4725.9,"1,2498"
CSV_300itens_aumento_de_peso_e_volume.csv,100,10000000,10000000,dp,10,"0,0043","0,0024","0,0032","0,0016","0,0094",3741.8,"0,74"
CSV_300itens_aumento_de_peso_e_volume.csv,100,10000000,10000000,bt,10,"0,0015","0,0011","0,0012","0,0004","0,0039",3741.8,"0,79"
CSV_300itens_aumento_de_peso_e_volume.csv,100,10000000,10000000,bb,10,"0,00064","0,00049","0,00057","0,00019","0,0022",3741.8,"0,9"
CSV_300itens_aumento_de_peso_e_volume.csv,100,10000000,100000000,dp,10,"0,0069","0,005","0,0061","0,0019","0,021",4348.5,"0,88"
CSV_300itens_aumento_de_peso_e_volume.csv,100,10000000,100000000,bt,10,"0,0025","0,0022","0,0015","0,001","0,006",4348.5,"0,61"
CSV_300itens_aumento_de_peso_e_volume.csv,100,10000000,100000000,bb,10,"0,00063","0,0004","0,00055","0,00014","0,0019",4348.5,"0,86"
CSV_300itens_aumento_de_peso_e_volume.csv,100,10000000,1000000000,dp,10,"0,01","0,0054","0,014","0,00067","0,047",4288.8,"1,3277"
CSV_300itens_aumento_de_peso_e_volume.csv,100,10000000,1000000000,bt,10,"0,0036","0,0024","0,0041","0,00031","0,014",4288.8,"1,1470"
CSV_300itens_aumento_de_peso_e_volume.csv,100,10000000,1000000000,bb,10,"0,00069","0,00045","0,00091","0,00013","0,0032",4288.8,"1,3245"
CSV_300itens_aumento_de_peso_e_volume.csv,100,100000000,1000,dp,10,"0,0079","0,0065","0,0055","0,0012","0,021",4280.7,"0,69"
CSV_300itens_aumento_de_peso_e_volume.csv,100,100000000,1000,bt,10,"0,002","0,0018","0,0013","0,0006","0,0054",4280.7,"0,63"
CSV_300itens_aumento_de_peso_e_volume.csv,100,100000000,1000,bb,10,"0,00073","0,00056","0,0006","0,00017","0,0021",4280.7,"0,82"
CSV_300itens_aumento_de_peso_e_volume.csv,100,100000000,100000,dp,10,"0,013","0,0079","0,017","0,0021","0,06",4177.7,"1,3015"
CSV_300itens_aumento_de_peso_e_volume.csv,100,100000000,100000,bt,10,"0,0029","0,0025","0,0019","0,00057","0,0068",4177.7,"0,64"
CSV_300itens_aumento_de_peso_e_volume.csv,100,100000000,100000,bb,10,"0,00099","0,00049","0,0013","0,00016","0,0047",4177.7,"1,3674"
CSV_300itens_aumento_de_peso_e_volume.csv,100,100000000,1000000,dp,10,"0,0067","0,0048","0,006","0,0012","0,02",4323.1,"0,89"
CSV_300itens_aumento_de_peso_e_volume.csv,100,100000000,1000000,bt,10,"0,0032","0,0025","0,0034","0,00045","0,012",4323.1,"1,0674"
CSV_300itens_aumento_de_peso_e_volume.csv,100,100000000,1000000,bb,10,"0,00038","0,00032","0,00019","0,00016","0,00065",4323.1,"0,5"
CSV_300itens_aumento_de_peso_e_volume.csv,100,100000000,10000000,dp,10,"0,0082","0,0053","0,0074","0,0024","0,027",4314.9,"0,91"
CSV_300itens_aumento_de_peso_e_volume.csv,100,100000000,10000000,bt,10,"0,0034","0,0021","0,0033","0,00077","0,01",4314.9,"0,95"
CSV_300itens_aumento_de_peso_e_volume.csv,100,100000000,10000000,bb,10,"0,0009","0,0008","0,00041","0,00046","0,0015",4314.9,"0,45"
CSV_300itens_aumento_de_peso_e_volume.csv,100,100000000,100000000,dp,10,"0,044","0,0068","0,072","0,0015","0,22",4607.1,"1,6489"
CSV_300itens_aumento_de_peso_e_volume.csv,100,100000000,100000000,bt,10,"0,0062","0,0035","0,0069","0,0008","0,022",4607.1,"1,1129"
CSV_300itens_aumento_de_peso_e_volume.csv,100,100000000,100000000,bb,10,"0,00084","0,00078","0,00064","0,00013","0,0022",4607.1,"0,77"
CSV_300itens_aumento_de_peso_e_volume.csv,100,100000000,1000000000,dp,10,"0,005","0,0036","0,0036","0,0014","0,011",4602.8,"0,71"
CSV_300itens_aumento_de_peso_e_volume.csv,100,100000000,1000000000,bt,10,"0,0019","0,0015","0,0013","0,00048","0,0041",4602.8,"0,69"
CSV_300itens_aumento_de_peso_e_volume.csv,100,100000000,1000000000,bb,10,"0,00089","0,00036","0,0012","0,00029","0,0043",4602.8,"1,3813"
CSV_300itens_aumento_de_peso_e_volume.csv,100,1000000000,1000,dp,10,"0,0075","0,0051","0,0052","0,0022","0,014",4187.1,"0,69"
CSV_300itens_aumento_de_peso_e_volume.csv,100,1000000000,1000,bt,10,"0,0033","0,0031","0,0024","0,00084","0,0078",4187.1,"0,75"
CSV_300itens_aumento_de_peso_e_volume.csv,100,1000000000,1000,bb,10,"0,0011","0,0007","0,0011","0,00011","0,0039",4187.1,"1,0101"
CSV_300itens_aumento_de_peso_e_volume.csv,100,1000000000,100000,dp,10,"0,011","0,0048","0,014","0,00098","0,048",4223.3,"1,3429"
CSV_300itens_aumento_de_peso_e_volume.csv,100,1000000000,100000,bt,10,"0,0033","0,0024","0,0031","0,00039","0,01",4223.3,"0,91"
CSV_300itens_aumento_de_peso_e_volume.csv,100,1000000000,100000,bb,10,"0,00091","0,00086","0,00056","0,0002","0,0016",4223.3,"0,62"
CSV_300itens_aumento_de_peso_e_volume.csv,100,1000000000,1000000,dp,10,"0,0076","0,004","0,0074","0,00092","0,022",4180.1,"0,97"
CSV_300itens_aumento_de_peso_e_volume.csv,100,1000000000,1000000,bt,10,"0,0024","0,0022","0,0018","0,0003","0,0058",4180.1,"0,76"
CSV_300itens_aumento_de_peso_e_volume.csv,100,1000000000,1000000,bb,10,"0,00041","0,0002","0,00043","0,00011","0,0014",4180.1,"1,0439"
CSV_300itens_aumento_de_peso_e_volume.csv,100,1000000000,10000000,dp,10,"0,0065","0,0052","0,006","0,00078","0,02",4165.6,"0,91"
CSV_300itens_aumento_de_peso_e_volume.csv,100,1000000000,10000000,bt,10,"0,0021","0,0013","0,0018","0,0002","0,006",4165.6,"0,85"
CSV_300itens_aumento_de_peso_e_volume.csv,100,1000000000,10000000,bb,10,"0,00057","0,00043","0,0005","0,00013","0,0016",4165.6,"0,88"
CSV_300itens_aumento_de_peso_e_volume.csv,100,1000000000,100000000,dp,10,"0,014","0,0099","0,014","0,0016","0,04",4768.6,"0,98"
CSV_300itens_aumento_de_peso_e_volume.csv,100,1000000000,100000000,bt,10,"0,0042","0,003","0,0044","0,00059","0,015",4768.6,"1,0464"
CSV_300itens_aumento_de_peso_e_volume.csv,100,1000000000,100000000,bb,10,"0,0013","0,0005","0,0013","0,00011","0,0037",4768.6,"1,0633"
CSV_300itens_aumento_de_peso_e_volume.csv,100,1000000000,1000000000,dp,10,"0,01","0,0065","0,0089","0,0028","0,03",4291.1,"0,87"
CSV_300itens_aumento_de_peso_e_volume.csv,100,1000000000,1000000000,bt,10,"0,0038","0,0024","0,0043","0,001","0,015",4291.1,"1,1452"
CSV_300itens_aumento_de_peso_e_volume.csv,100,1000000000,1000000000,bb,10,"0,001","0,00075","0,00075","0,00026","0,0025",4291.1,"0,74"
CSV_300itens_aumento_de_peso_e_volume.csv,200,1000,1000,dp,10,"0,31","0,33","0,22","0,032","0,65",5361.6,"0,7"
CSV_300itens_aumento_de_peso_e_volume.csv,200,1000,1000,bt,10,"0,13","0,071","0,19","0,012","0,64",5361.6,"1,4212"
CSV_300itens_aumento_de_peso_e_volume.csv,200,1000,1000,bb,10,"0,026","0,014","0,039","0,0021","0,13",5361.6,"1,4692"
CSV_300itens_aumento_de_peso_e_volume.csv,200,1000,100000,dp,10,"0,37","0,34","0,18","0,034","0,65",5931.4,"0,48"
CSV_300itens_aumento_de_peso_e_volume.csv,200,1000,100000,bt,10,"0,3","0,27","0,27","0,014","0,89",5931.4,"0,89"
CSV_300itens_aumento_de_peso_e_volume.csv,200,1000,100000,bb,10,"0,037","0,035","0,023","0,0075","0,086",5931.4,"0,61"
CSV_300itens_aumento_de_peso_e_volume.csv,200,1000,1000000,dp,10,"0,4","0,39","0,098","0,26","0,53",5751.3,"0,24"
CSV_300itens_aumento_de_peso_e_volume.csv,200,1000,1000000,bt,10,"0,14","0,12","0,09","0,054","0,28",5751.3,"0,63"
CSV_300itens_aumento_de_peso_e_volume.csv,200,1000,1000000,bb,10,"0,031","0,025","0,02","0,0054","0,07",5751.3,"0,66"
CSV_300itens_aumento_de_peso_e_volume.csv,200,1000,10000000,dp,10,"0,36","0,4","0,22","0,09","0,69",5331.6,"0,61"
CSV_300itens_aumento_de_peso_e_volume.csv,200,1000,10000000,bt,10,"0,12","0,07","0,12","0,019","0,38",5331.6,"1,0086"
CSV_300itens_aumento_de_peso_e_volume.csv,200,1000,10000000,bb,10,"0,027","0,027","0,014","0,0073","0,05",5331.6,"0,53"
CSV_300itens_aumento_de_peso_e_volume.csv,200,1000,100000000,dp,10,"0,7","0,94","0,46","0,035","1,1625",5740.5,"0,67"
CSV_300itens_aumento_de_peso_e_volume.csv,200,1000,100000000,bt,10,"0,12","0,065","0,13","0,018","0,42",5740.5,"1,0969"
CSV_300itens_aumento_de_peso_e_volume.csv,200,1000,100000000,bb,10,"0,015","0,012","0,011","0,0041","0,041",5740.5,"0,72"
CSV_300itens_aumento_de_peso_e_volume.csv,200,1000,1000000000,dp,10,"14,1097","5,2935","24,0567","0,054","76,7244",5459.9,"1,7050"
CSV_300itens_aumento_de_peso_e_volume.csv,200,1000,1000000000,bt,10,"0,098","0,054","0,11","0,022","0,37",5459.9,"1,1093"
CSV_300itens_aumento_de_peso_e_volume.csv,200,1000,1000000000,bb,10,"0,021","0,021","0,012","0,0045","0,038",5459.9,"0,59"
CSV_300itens_aumento_de_peso_e_volume.csv,200,100000,1000,dp,10,"0,22","0,21","0,14","0,038","0,41",5479.7,"0,62"
CSV_300itens_aumento_de_peso_e_volume.csv,200,100000,1000,bt,10,"0,085","0,04","0,098","0,011","0,29",5479.7,"1,1528"
CSV_300itens_aumento_de_peso_e_volume.csv,200,100000,1000,bb,10,"0,015","0,011","0,019","0,0018","0,066",5479.7,"1,2351"
CSV_300itens_aumento_de_peso_e_volume.csv,200,100000,100000,dp,10,"0,28","0,28","0,16","0,033","0,54",5239.5,"0,59"
CSV_300itens_aumento_de_peso_e_volume.csv,200,100000,100000,bt,10,"0,18","0,077","0,22","0,011","0,59",5239.5,"1,2374"
CSV_300itens_aumento_de_peso_e_volume.csv,200,100000,100000,bb,10,"0,022","0,014","0,024","0,0028","0,072",5239.5,"1,1017"
CSV_300itens_aumento_de_peso_e_volume.csv,200,100000,1000000,dp,10,"0,38","0,37","0,17","0,054","0,62",5546.3,"0,44"
CSV_300itens_aumento_de_peso_e_volume.csv,200,100000,1000000,bt,10,"0,11","0,081","0,1","0,024","0,36",5546.3,"0,89"
CSV_300itens_aumento_de_peso_e_volume.csv,200,100000,1000000,bb,10,"0,023","0,018","0,018","0,0038","0,058",5546.3,"0,81"
CSV_300itens_aumento_de_peso_e_volume.csv,200,100000,10000000,dp,10,"0,3","0,29","0,15","0,11","0,5",5364.0,"0,5"
CSV_300itens_aumento_de_peso_e_volume.csv,200,100000,10000000,bt,10,"0,052","0,056","0,019","0,028","0,079",5364.0,"0,36"
CSV_300itens_aumento_de_peso_e_volume.csv,200,100000,10000000,bb,10,"0,013","0,01","0,01","0,0025","0,035",5364.0,"0,8"
CSV_300itens_aumento_de_peso_e_volume.csv,200,100000,100000000,dp,10,"0,56","0,58","0,29","0,07","1,0166",5484.3,"0,53"
CSV_300itens_aumento_de_peso_e_volume.csv,200,100000,100000000,bt,10,"0,18","0,11","0,18","0,029","0,46",5484.3,"0,98"
CSV_300itens_aumento_de_peso_e_volume.csv,200,100000,100000000,bb,10,"0,034","0,026","0,03","0,0051","0,11",5484.3,"0,89"
CSV_300itens_aumento_de_peso_e_volume.csv,200,100000,1000000000,dp,10,"3,5060","2,7622","3,4928","0,2","8,8032",5450.0,1
CSV_300itens_aumento_de_peso_e_volume.csv,200,100000,1000000000,bt,10,"0,061","0,059","0,016","0,033","0,091",5450.0,"0,26"
CSV_300itens_aumento_de_peso_e_volume.csv,200,100000,1000000000,bb,10,"0,012","0,0089","0,0086","0,0044","0,032",5450.0,"0,7"
CSV_300itens_aumento_de_peso_e_volume.csv,200,1000000,1000,dp,10,"0,25","0,22","0,17","0,078","0,58",5568.9,"0,68"
CSV_300itens_aumento_de_peso_e_volume.csv,200,1000000,1000,bt,10,"0,15","0,054","0,18","0,014","0,57",5568.9,"1,2054"
CSV_300itens_aumento_de_peso_e_volume.csv,200,1000000,1000,bb,10,"0,029","0,011","0,035","0,0028","0,093",5568.9,"1,2117"
CSV_300itens_aumento_de_peso_e_volume.csv,200,1000000,100000,dp,10,"0,3","0,29","0,11","0,13","0,45",5448.0,"0,36"
CSV_300itens_aumento_de_peso_e_volume.csv,200,1000000,100000,bt,10,"0,082","0,057","0,058","0,025","0,2",5448.0,"0,71"
CSV_300itens_aumento_de_peso_e_volume.csv,200,1000000,100000,bb,10,"0,012","0,0083","0,014","0,0027","0,051",5448.0,"1,1960"
CSV_300itens_aumento_de_peso_e_volume.csv,200,1000000,1000000,dp,10,"0,39","0,41","0,12","0,072","0,5",5799.2,"0,31"
CSV_300itens_aumento_de_peso_e_volume.csv,200,1000000,1000000,bt,10,"0,2","0,16","0,16","0,016","0,53",5799.2,"0,8"
CSV_300itens_aumento_de_peso_e_volume.csv,200,1000000,1000000,bb,10,"0,027","0,011","0,032","0,0038","0,092",5799.2,"1,1670"
CSV_300itens_aumento_de_peso_e_volume.csv,200,1000000,10000000,dp,10,"0,58","0,67","0,21","0,1","0,81",5709.9,"0,36"
CSV_300itens_aumento_de_peso_e_volume.csv,200,1000000,10000000,bt,10,"0,22","0,12","0,22","0,032","0,62",5709.9,"1,0021"
CSV_300itens_aumento_de_peso_e_volume.csv,200,1000000,10000000,bb,10,"0,033","0,022","0,035","0,0076","0,12",5709.9,"1,0456"
CSV_300itens_aumento_de_peso_e_volume.csv,200,1000000,100000000,dp,10,"0,59","0,76","0,3","0,075","0,93",5261.1,"0,51"
CSV_300itens_aumento_de_peso_e_volume.csv,200,1000000,100000000,bt,10,"0,067","0,053","0,046","0,023","0,18",5261.1,"0,69"
CSV_300itens_aumento_de_peso_e_volume.csv,200,1000000,100000000,bb,10,"0,014","0,014","0,011","0,0029","0,039",5261.1,"0,78"
CSV_300itens_aumento_de_peso_e_volume.csv,200,1000000,1000000000,dp,10,"5,8728","5,4091","6,7362","0,13","20,4731",5537.1,"1,1470"
CSV_300itens_aumento_de_peso_e_volume.csv,200,1000000,1000000000,bt,10,"0,15","0,072","0,16","0,022","0,46",5537.1,"1,0483"
CSV_300itens_aumento_de_peso_e_volume.csv,200,1000000,1000000000,bb,10,"0,021","0,014","0,017","0,0028","0,053",5537.1,"0,8"
CSV_300itens_aumento_de_peso_e_volume.csv,200,10000000,1000,dp,10,"0,29","0,32","0,1","0,11","0,4",5596.9,"0,35"
CSV_300itens_aumento_de_peso_e_volume.csv,200,10000000,1000,bt,10,"0,19","0,15","0,15","0,022","0,47",5596.9,"0,81"
CSV_300itens_aumento_de_peso_e_volume.csv,200,10000000,1000,bb,10,"0,03","0,03","0,02","0,0026","0,067",5596.9,"0,67"
CSV_300itens_aumento_de_peso_e_volume.csv,200,10000000,100000,dp,10,"0,37","0,41","0,11","0,18","0,53",6500.7,"0,3"
CSV_300itens_aumento_de_peso_e_volume.csv,200,10000000,100000,bt,10,"0,33","0,069","0,49","0,056","1,3241",6500.7,"1,5208"
CSV_300itens_aumento_de_peso_e_volume.csv,200,10000000,100000,bb,10,"0,02","0,017","0,015","0,0011","0,041",6500.7,"0,73"
CSV_300itens_aumento_de_peso_e_volume.csv,200,10000000,1000000,dp,10,"0,32","0,35","0,13","0,017","0,47",5643.3,"0,42"
CSV_300itens_aumento_de_peso_e_volume.csv,200,10000000,1000000,bt,10,"0,14","0,091","0,13","0,013","0,42",5643.3,"0,95"
CSV_300itens_aumento_de_peso_e_volume.csv,200,10000000,1000000,bb,10,"0,019","0,018","0,013","0,0057","0,042",5643.3,"0,7"
CSV_300itens_aumento_de_peso_e_volume.csv,200,10000000,10000000,dp,10,"0,3","0,33","0,17","0,056","0,56",5640.2,"0,57"
CSV_300itens_aumento_de_peso_e_volume.csv,200,10000000,10000000,bt,10,"0,15","0,058","0,21","0,0099","0,7",5640.2,"1,3844"
CSV_300itens_aumento_de_peso_e_volume.csv,200,10000000,10000000,bb,10,"0,03","0,014","0,045","0,0022","0,15",5640.2,"1,5088"
CSV_300itens_aumento_de_peso_e_volume.csv,200,10000000,100000000,dp,10,"0,54","0,67","0,27","0,074","0,82",5515.8,"0,51"
CSV_300itens_aumento_de_peso_e_volume.csv,200,10000000,100000000,bt,10,"0,16","0,099","0,17","0,016","0,53",5515.8,"1,0275"
CSV_300itens_aumento_de_peso_e_volume.csv,200,10000000,100000000,bb,10,"0,022","0,0086","0,031","0,0028","0,1",5515.8,"1,3916"
CSV_300itens_aumento_de_peso_e_volume.csv,200,10000000,1000000000,dp,10,"4,1857","4,7385","3,0579","0,13","8,2504",5469.1,"0,73"
CSV_300itens_aumento_de_peso_e_volume.csv,200,10000000,1000000000,bt,10,"0,14","0,11","0,12","0,025","0,41",5469.1,"0,86"
CSV_300itens_aumento_de_peso_e_volume.csv,200,10000000,1000000000,bb,10,"0,029","0,019","0,023","0,013","0,085",5469.1,"0,78"
CSV_300itens_aumento_de_peso_e_volume.csv,200,100000000,1000,dp,10,"0,27","0,27","0,094","0,12","0,42",5815.3,"0,35"
CSV_300itens_aumento_de_peso_e_volume.csv,200,100000000,1000,bt,10,"0,24","0,19","0,18","0,02","0,57",5815.3,"0,74"
CSV_300itens_aumento_de_peso_e_volume.csv,200,100000000,1000,bb,10,"0,036","0,023","0,038","0,0021","0,11",5815.3,"1,0446"
CSV_300itens_aumento_de_peso_e_volume.csv,200,100000000,100000,dp,10,"0,29","0,3","0,14","0,089","0,46",5556.6,"0,5"
CSV_300itens_aumento_de_peso_e_volume.csv,200,100000000,100000,bt,10,"0,13","0,083","0,11","0,029","0,34",5556.6,"0,85"
CSV_300itens_aumento_de_peso_e_volume.csv,200,100000000,100000,bb,10,"0,034","0,024","0,038","0,0083","0,13",5556.6,"1,0918"
CSV_300itens_aumento_de_peso_e_volume.csv,200,100000000,1000000,dp,10,"0,32","0,3","0,12","0,088","0,52",5693.0,"0,39"
CSV_300itens_aumento_de_peso_e_volume.csv,200,100000000,1000000,bt,10,"0,15","0,068","0,18","0,024","0,52",5693.0,"1,2044"
CSV_300itens_aumento_de_peso_e_volume.csv,200,100000000,1000000,bb,10,"0,026","0,018","0,029","0,0062","0,1",5693.0,"1,0818"
CSV_300itens_aumento_de_peso_e_volume.csv,200,100000000,10000000,dp,10,"0,29","0,31","0,14","0,065","0,48",5795.2,"0,5"
CSV_300itens_aumento_de_peso_e_volume.csv,200,100000000,10000000,bt,10,"0,1","0,073","0,086","0,011","0,25",5795.2,"0,82"
CSV_300itens_aumento_de_peso_e_volume.csv,200,100000000,10000000,bb,10,"0,019","0,013","0,014","0,0052","0,047",5795.2,"0,74"
CSV_300itens_aumento_de_peso_e_volume.csv,200,100000000,100000000,dp,10,"0,49","0,47","0,093","0,36","0,64",5517.0,"0,19"
CSV_300itens_aumento_de_peso_e_volume.csv,200,100000000,100000000,bt,10,"0,13","0,082","0,12","0,06","0,4",5517.0,"0,87"
CSV_300itens_aumento_de_peso_e_volume.csv,200,100000000,100000000,bb,10,"0,03","0,03","0,015","0,0098","0,055",5517.0,"0,5"
CSV_300itens_aumento_de_peso_e_volume.csv,200,100000000,1000000000,dp,10,"3,4325","2,1539","3,7633","0,064","8,8876",5200.9,"1,0964"
CSV_300itens_aumento_de_peso_e_volume.csv,200,100000000,1000000000,bt,10,"0,067","0,05","0,052","0,025","0,19",5200.9,"0,77"
CSV_300itens_aumento_de_peso_e_volume.csv,200,100000000,1000000000,bb,10,"0,017","0,0074","0,016","0,0019","0,04",5200.9,"0,93"
CSV_300itens_aumento_de_peso_e_volume.csv,200,1000000000,1000,dp,10,"0,25","0,27","0,17","0,041","0,48",5301.7,"0,66"
CSV_300itens_aumento_de_peso_e_volume.csv,200,1000000000,1000,bt,10,"0,086","0,066","0,076","0,024","0,26",5301.7,"0,89"
CSV_300itens_aumento_de_peso_e_volume.csv,200,1000000000,1000,bb,10,"0,022","0,019","0,024","0,0049","0,086",5301.7,"1,0567"
CSV_300itens_aumento_de_peso_e_volume.csv,200,1000000000,100000,dp,10,"0,35","0,34","0,15","0,057","0,64",5754.1,"0,42"
CSV_300itens_aumento_de_peso_e_volume.csv,200,1000000000,100000,bt,10,"0,092","0,077","0,061","0,021","0,21",5754.1,"0,66"
CSV_300itens_aumento_de_peso_e_volume.csv,200,1000000000,100000,bb,10,"0,013","0,0097","0,0092","0,0026","0,03",5754.1,"0,71"
CSV_300itens_aumento_de_peso_e_volume.csv,200,1000000000,1000000,dp,10,"0,32","0,31","0,14","0,13","0,55",6131.7,"0,43"
CSV_300itens_aumento_de_peso_e_volume.csv,200,1000000000,1000000,bt,10,"0,22","0,17","0,19","0,035","0,58",6131.7,"0,86"
CSV_300itens_aumento_de_peso_e_volume.csv,200,1000000000,1000000,bb,10,"0,026","0,024","0,017","0,0025","0,053",6131.7,"0,66"
CSV_300itens_aumento_de_peso_e_volume.csv,200,1000000000,10000000,dp,10,"0,31","0,34","0,13","0,12","0,49",5412.3,"0,41"
CSV_300itens_aumento_de_peso_e_volume.csv,200,1000000000,10000000,bt,10,"0,13","0,061","0,16","0,025","0,55",5412.3,"1,2293"
CSV_300itens_aumento_de_peso_e_volume.csv,200,1000000000,10000000,bb,10,"0,029","0,026","0,02","0,0026","0,076",5412.3,"0,68"
CSV_300itens_aumento_de_peso_e_volume.csv,200,1000000000,100000000,dp,10,"0,53","0,56","0,22","0,055","0,77",5743.2,"0,42"
CSV_300itens_aumento_de_peso_e_volume.csv,200,1000000000,100000000,bt,10,"0,14","0,12","0,093","0,012","0,37",5743.2,"0,67"
CSV_300itens_aumento_de_peso_e_volume.csv,200,1000000000,100000000,bb,10,"0,036","0,021","0,042","0,01","0,15",5743.2,"1,1640"
CSV_300itens_aumento_de_peso_e_volume.csv,200,1000000000,1000000000,dp,10,"5,0426","5,6753","2,9728","0,047","8,5529",5756.0,"0,59"
CSV_300itens_aumento_de_peso_e_volume.csv,200,1000000000,1000000000,bt,10,"0,13","0,11","0,11","0,014","0,37",5756.0,"0,82"
CSV_300itens_aumento_de_peso_e_volume.csv,200,1000000000,1000000000,bb,10,"0,027","0,017","0,033","0,0033","0,11",5756.0,"1,2312"
CSV_300itens_aumento_de_peso_e_volume.csv,300,1000,1000,dp,10,"0,76","0,72","0,24","0,49","1,2000",6714.4,"0,31"
CSV_300itens_aumento_de_peso_e_volume.csv,300,1000,1000,bt,10,"1,8347","1,1776","2,0826","0,53","7,4786",6714.4,"1,1351"
CSV_300itens_aumento_de_peso_e_volume.csv,300,1000,1000,bb,10,"0,25","0,16","0,22","0,081","0,66",6714.4,"0,9"
CSV_300itens_aumento_de_peso_e_volume.csv,300,1000,100000,dp,10,"0,68","0,62","0,23","0,5","1,2805",6636.5,"0,34"
CSV_300itens_aumento_de_peso_e_volume.csv,300,1000,100000,bt,10,"2,8424","2,8853","1,9310","0,19","6,1411",6636.5,"0,68"
CSV_300itens_aumento_de_peso_e_volume.csv,300,1000,100000,bb,10,"0,36","0,34","0,29","0,049","0,85",6636.5,"0,8"
CSV_300itens_aumento_de_peso_e_volume.csv,300,1000,1000000,dp,10,"0,46","0,44","0,11","0,32","0,65",6403.6,"0,24"
CSV_300itens_aumento_de_peso_e_volume.csv,300,1000,1000000,bt,10,"2,6645","1,4828","3,3578","0,25","10,5804",6403.6,"1,2602"
CSV_300itens_aumento_de_peso_e_volume.csv,300,1000,1000000,bb,10,"0,27","0,22","0,18","0,047","0,55",6403.6,"0,67"
CSV_300itens_aumento_de_peso_e_volume.csv,300,1000,10000000,dp,10,"0,66","0,64","0,15","0,46","0,94",6741.9,"0,23"
CSV_300itens_aumento_de_peso_e_volume.csv,300,1000,10000000,bt,10,"4,9139","1,3326","7,8661","0,44","24,9457",6741.9,"1,6008"
CSV_300itens_aumento_de_peso_e_volume.csv,300,1000,10000000,bb,10,"0,36","0,26","0,36","0,036","1,0849",6741.9,"0,98"
CSV_300itens_aumento_de_peso_e_volume.csv,300,1000,100000000,dp,10,"0,85","0,82","0,18","0,64","1,1298",5971.9,"0,21"
CSV_300itens_aumento_de_peso_e_volume.csv,300,1000,100000000,bt,10,"1,0430","1,0124","0,74","0,17","2,3216",5971.9,"0,71"
CSV_300itens_aumento_de_peso_e_volume.csv,300,1000,100000000,bb,10,"0,25","0,12","0,32","0,03","1,0195",5971.9,"1,2695"
CSV_300itens_aumento_de_peso_e_volume.csv,300,1000,1000000000,dp,10,"8,4105","8,0304","2,5677","5,3483","12,7526",6518.0,"0,31"
CSV_300itens_aumento_de_peso_e_volume.csv,300,1000,1000000000,bt,10,"1,3154","0,83","1,1122","0,43","3,7666",6518.0,"0,85"
CSV_300itens_aumento_de_peso_e_volume.csv,300,1000,1000000000,bb,10,"0,19","0,15","0,14","0,046","0,4",6518.0,"0,74"
CSV_300itens_aumento_de_peso_e_volume.csv,300,100000,1000,dp,10,"0,53","0,54","0,088","0,43","0,64",6464.8,"0,17"
CSV_300itens_aumento_de_peso_e_volume.csv,300,100000,1000,bt,10,"3,1468","1,3617","5,9591","0,23","19,9378",6464.8,"1,8937"
CSV_300itens_aumento_de_peso_e_volume.csv,300,100000,1000,bb,10,"0,53","0,1","1,1143","0,018","3,6615",6464.8,"2,1113"
CSV_300itens_aumento_de_peso_e_volume.csv,300,100000,100000,dp,10,"0,49","0,5","0,11","0,34","0,64",6601.6,"0,22"
CSV_300itens_aumento_de_peso_e_volume.csv,300,100000,100000,bt,10,"3,7771","1,9288","3,8506","0,5","10,3402",6601.6,"1,0195"
CSV_300itens_aumento_de_peso_e_volume.csv,300,100000,100000,bb,10,"0,39","0,28","0,27","0,13","0,96",6601.6,"0,7"
CSV_300itens_aumento_de_peso_e_volume.csv,300,100000,1000000,dp,10,"0,43","0,43","0,078","0,27","0,52",5967.7,"0,18"
CSV_300itens_aumento_de_peso_e_volume.csv,300,100000,1000000,bt,10,"2,4985","0,94","3,5934","0,13","10,6921",5967.7,"1,4382"
CSV_300itens_aumento_de_peso_e_volume.csv,300,100000,1000000,bb,10,"0,3","0,18","0,32","0,09","1,1049",5967.7,"1,0695"
CSV_300itens_aumento_de_peso_e_volume.csv,300,100000,10000000,dp,10,"0,51","0,51","0,07","0,37","0,63",6702.9,"0,14"
CSV_300itens_aumento_de_peso_e_volume.csv,300,100000,10000000,bt,10,"2,6304","2,6406","2,4876","0,26","8,3934",6702.9,"0,95"
CSV_300itens_aumento_de_peso_e_volume.csv,300,100000,10000000,bb,10,"0,43","0,18","0,69","0,021","2,3030",6702.9,"1,5988"
CSV_300itens_aumento_de_peso_e_volume.csv,300,100000,100000000,dp,10,"0,96","1,0059","0,14","0,73","1,1348",6558.8,"0,14"
CSV_300itens_aumento_de_peso_e_volume.csv,300,100000,100000000,bt,10,"1,6928","1,4715","1,2755","0,15","3,6627",6558.8,"0,75"
CSV_300itens_aumento_de_peso_e_volume.csv,300,100000,100000000,bb,10,"0,28","0,21","0,28","0,034","0,86",6558.8,"1,0039"
CSV_300itens_aumento_de_peso_e_volume.csv,300,100000,1000000000,dp,10,"8,8409","9,4708","2,6030","4,8682","12,3561",6417.9,"0,29"
CSV_300itens_aumento_de_peso_e_volume.csv,300,100000,1000000000,bt,10,"1,2909","0,92","1,0534","0,29","3,7470",6417.9,"0,82"
CSV_300itens_aumento_de_peso_e_volume.csv,300,100000,1000000000,bb,10,"0,16","0,13","0,11","0,071","0,41",6417.9,"0,67"
CSV_300itens_aumento_de_peso_e_volume.csv,300,1000000,1000,dp,10,"0,49","0,48","0,061","0,43","0,62",6474.0,"0,12"
CSV_300itens_aumento_de_peso_e_volume.csv,300,1000000,1000,bt,10,"1,8757","1,5002","1,1645","0,38","4,0565",6474.0,"0,62"
CSV_300itens_aumento_de_peso_e_volume.csv,300,1000000,1000,bb,10,"0,29","0,2","0,23","0,072","0,82",6474.0,"0,81"
CSV_300itens_aumento_de_peso_e_volume.csv,300,1000000,100000,dp,10,"0,48","0,48","0,092","0,32","0,66",6415.7,"0,19"
CSV_300itens_aumento_de_peso_e_volume.csv,300,1000000,100000,bt,10,"2,5180","1,6684","2,8674","0,17","8,4635",6415.7,"1,1388"
CSV_300itens_aumento_de_peso_e_volume.csv,300,1000000,100000,bb,10,"0,43","0,28","0,44","0,018","1,4752",6415.7,"1,0240"
CSV_300itens_aumento_de_peso_e_volume.csv,300,1000000,1000000,dp,10,"0,49","0,5","0,12","0,31","0,68",6254.5,"0,24"
CSV_300itens_aumento_de_peso_e_volume.csv,300,1000000,1000000,bt,10,"1,0635","0,76","1,0432","0,12","3,7414",6254.5,"0,98"
CSV_300itens_aumento_de_peso_e_volume.csv,300,1000000,1000000,bb,10,"0,16","0,14","0,12","0,034","0,37",6254.5,"0,72"
CSV_300itens_aumento_de_peso_e_volume.csv,300,1000000,10000000,dp,10,"0,47","0,46","0,14","0,25","0,66",6424.7,"0,29"
CSV_300itens_aumento_de_peso_e_volume.csv,300,1000000,10000000,bt,10,"1,8483","0,93","2,6520","0,19","9,1848",6424.7,"1,4348"
CSV_300itens_aumento_de_peso_e_volume.csv,300,1000000,10000000,bb,10,"0,38","0,22","0,37","0,099","1,2521",6424.7,"0,97"
CSV_300itens_aumento_de_peso_e_volume.csv,300,1000000,100000000,dp,10,"0,93","1,0005","0,21","0,51","1,1344",6319.3,"0,22"
CSV_300itens_aumento_de_peso_e_volume.csv,300,1000000,100000000,bt,10,"2,1191","1,8365","1,8015","0,24","5,0534",6319.3,"0,85"
CSV_300itens_aumento_de_peso_e_volume.csv,300,1000000,100000000,bb,10,"0,25","0,074","0,33","0,034","0,95",6319.3,"1,2901"
CSV_300itens_aumento_de_peso_e_volume.csv,300,1000000,1000000000,dp,10,"10,4779","9,7706","2,7913","6,8217","16,1930",6780.2,"0,27"
CSV_300itens_aumento_de_peso_e_volume.csv,300,1000000,1000000000,bt,10,"3,0063","2,6485","2,5553","0,38","9,1049",6780.2,"0,85"
CSV_300itens_aumento_de_peso_e_volume.csv,300,1000000,1000000000,bb,10,"0,35","0,23","0,34","0,071","1,1188",6780.2,"0,99"
CSV_300itens_aumento_de_peso_e_volume.csv,300,10000000,1000,dp,10,"0,47","0,48","0,073","0,39","0,6",6466.7,"0,15"
CSV_300itens_aumento_de_peso_e_volume.csv,300,10000000,1000,bt,10,"1,1742","0,86","0,79","0,38","2,4876",6466.7,"0,67"
CSV_300itens_aumento_de_peso_e_volume.csv,300,10000000,1000,bb,10,"0,25","0,25","0,15","0,013","0,43",6466.7,"0,6"
CSV_300itens_aumento_de_peso_e_volume.csv,300,10000000,100000,dp,10,"0,48","0,48","0,091","0,34","0,65",6766.3,"0,19"
CSV_300itens_aumento_de_peso_e_volume.csv,300,10000000,100000,bt,10,"1,5880","1,8335","0,86","0,28","2,6181",6766.3,"0,54"
CSV_300itens_aumento_de_peso_e_volume.csv,300,10000000,100000,bb,10,"0,18","0,1","0,15","0,061","0,55",6766.3,"0,84"
CSV_300itens_aumento_de_peso_e_volume.csv,300,10000000,1000000,dp,10,"0,55","0,53","0,15","0,37","0,92",6655.4,"0,28"
CSV_300itens_aumento_de_peso_e_volume.csv,300,10000000,1000000,bt,10,"1,9943","1,7683","1,3425","0,22","4,9388",6655.4,"0,67"
CSV_300itens_aumento_de_peso_e_volume.csv,300,10000000,1000000,bb,10,"0,3","0,24","0,18","0,068","0,62",6655.4,"0,62"
CSV_300itens_aumento_de_peso_e_volume.csv,300,10000000,10000000,dp,10,"0,6","0,6","0,14","0,43","0,83",6409.4,"0,24"
CSV_300itens_aumento_de_peso_e_volume.csv,300,10000000,10000000,bt,10,"1,9244","1,5241","1,6513","0,34","5,7375",6409.4,"0,86"
CSV_300itens_aumento_de_peso_e_volume.csv,300,10000000,10000000,bb,10,"0,34","0,26","0,35","0,027","1,3055",6409.4,"1,0503"
CSV_300itens_aumento_de_peso_e_volume.csv,300,10000000,100000000,dp,10,"0,87","0,93","0,21","0,47","1,1358",6219.6,"0,24"
CSV_300itens_aumento_de_peso_e_volume.csv,300,10000000,100000000,bt,10,"1,7421","1,0709","1,7841","0,18","5,8750",6219.6,"1,0241"
CSV_300itens_aumento_de_peso_e_volume.csv,300,10000000,100000000,bb,10,"0,26","0,13","0,25","0,03","0,81",6219.6,"0,96"
CSV_300itens_aumento_de_peso_e_volume.csv,300,10000000,1000000000,dp,10,"8,1802","7,9060","2,1845","5,4099","12,1445",6298.3,"0,27"
CSV_300itens_aumento_de_peso_e_volume.csv,300,10000000,1000000000,bt,10,"1,2742","0,69","1,6227","0,15","5,5007",6298.3,"1,2735"
CSV_300itens_aumento_de_peso_e_volume.csv,300,10000000,1000000000,bb,10,"0,18","0,099","0,21","0,028","0,74",6298.3,"1,1696"
CSV_300itens_aumento_de_peso_e_volume.csv,300,100000000,1000,dp,10,"0,47","0,47","0,081","0,35","0,61",6229.2,"0,17"
CSV_300itens_aumento_de_peso_e_volume.csv,300,100000000,1000,bt,10,"1,7965","1,1943","1,5790","0,49","4,6759",6229.2,"0,88"
CSV_300itens_aumento_de_peso_e_volume.csv,300,100000000,1000,bb,10,"0,33","0,23","0,23","0,12","0,81",6229.2,"0,71"
CSV_300itens_aumento_de_peso_e_volume.csv,300,100000000,100000,dp,10,"0,51","0,53","0,13","0,34","0,68",6010.3,"0,26"
CSV_300itens_aumento_de_peso_e_volume.csv,300,100000000,100000,bt,10,"1,4921","0,78","1,7805","0,2","5,9060",6010.3,"1,1933"
CSV_300itens_aumento_de_peso_e_volume.csv,300,100000000,100000,bb,10,"0,31","0,15","0,5","0,039","1,7065",6010.3,"1,6290"
CSV_300itens_aumento_de_peso_e_volume.csv,300,100000000,1000000,dp,10,"0,51","0,52","0,1","0,33","0,64",6612.5,"0,19"
CSV_300itens_aumento_de_peso_e_volume.csv,300,100000000,1000000,bt,10,"5,0847","1,6973","9,6226","0,11","31,8471",6612.5,"1,8925"
CSV_300itens_aumento_de_peso_e_volume.csv,300,100000000,1000000,bb,10,"0,3","0,17","0,36","0,0098","1,2296",6612.5,"1,1782"
CSV_300itens_aumento_de_peso_e_volume.csv,300,100000000,10000000,dp,10,"0,47","0,41","0,12","0,34","0,67",5992.8,"0,25"
CSV_300itens_aumento_de_peso_e_volume.csv,300,100000000,10000000,bt,10,"1,2038","0,75","1,2199","0,11","3,8843",5992.8,"1,0133"
CSV_300itens_aumento_de_peso_e_volume.csv,300,100000000,10000000,bb,10,"0,25","0,19","0,19","0,027","0,6",5992.8,"0,77"
CSV_300itens_aumento_de_peso_e_volume.csv,300,100000000,100000000,dp,10,1,"0,95","0,19","0,79","1,2917",7329.2,"0,19"
CSV_300itens_aumento_de_peso_e_volume.csv,300,100000000,100000000,bt,10,"2,6420","2,0953","1,5511","0,88","6,4460",7329.2,"0,59"
CSV_300itens_aumento_de_peso_e_volume.csv,300,100000000,100000000,bb,10,"0,48","0,41","0,41","0,058","1,3868",7329.2,"0,86"
CSV_300itens_aumento_de_peso_e_volume.csv,300,100000000,1000000000,dp,10,"10,4196","9,5821","5,5912","4,4300","24,9940",6831.6,"0,54"
CSV_300itens_aumento_de_peso_e_volume.csv,300,100000000,1000000000,bt,10,"2,3792","1,5571","2,7585","0,25","9,7260",6831.6,"1,1594"
CSV_300itens_aumento_de_peso_e_volume.csv,300,100000000,1000000000,bb,10,"0,29","0,17","0,28","0,078","1,0340",6831.6,"0,98"
CSV_300itens_aumento_de_peso_e_volume.csv,300,1000000000,1000,dp,10,"0,47","0,45","0,14","0,3","0,84",6445.1,"0,3"
CSV_300itens_aumento_de_peso_e_volume.csv,300,1000000000,1000,bt,10,"1,9204","0,95","2,6895","0,23","9,0937",6445.1,"1,4005"
CSV_300itens_aumento_de_peso_e_volume.csv,300,1000000000,1000,bb,10,"0,29","0,1","0,38","0,047","1,0498",6445.1,"1,3184"
CSV_300itens_aumento_de_peso_e_volume.csv,300,1000000000,100000,dp,10,"0,48","0,48","0,16","0,23","0,74",6419.3,"0,34"
CSV_300itens_aumento_de_peso_e_volume.csv,300,1000000000,100000,bt,10,"2,1311","1,7764","1,4192","0,53","4,5638",6419.3,"0,67"
CSV_300itens_aumento_de_peso_e_volume.csv,300,1000000000,100000,bb,10,"0,42","0,42","0,26","0,02","0,82",6419.3,"0,63"
CSV_300itens_aumento_de_peso_e_volume.csv,300,1000000000,1000000,dp,10,"0,55","0,56","0,15","0,39","0,89",6870.9,"0,27"
CSV_300itens_aumento_de_peso_e_volume.csv,300,1000000000,1000000,bt,10,"3,5056","1,1852","6,0191","0,37","20,0276",6870.9,"1,7170"
CSV_300itens_aumento_de_peso_e_volume.csv,300,1000000000,1000000,bb,10,"0,33","0,22","0,28","0,076","0,75",6870.9,"0,84"
CSV_300itens_aumento_de_peso_e_volume.csv,300,1000000000,10000000,dp,10,"0,5","0,5","0,13","0,31","0,73",6105.8,"0,25"
CSV_300itens_aumento_de_peso_e_volume.csv,300,1000000000,10000000,bt,10,"1,3266","0,96","1,2298","0,15","4,3795",6105.8,"0,93"
CSV_300itens_aumento_de_peso_e_volume.csv,300,1000000000,10000000,bb,10,"0,26","0,17","0,25","0,04","0,77",6105.8,"0,98"
CSV_300itens_aumento_de_peso_e_volume.csv,300,1000000000,100000000,dp,10,"0,83","0,92","0,26","0,2","1,1064",6369.4,"0,31"
CSV_300itens_aumento_de_peso_e_volume.csv,300,1000000000,100000000,bt,10,"2,0431","1,6756","1,8498","0,04","5,5239",6369.4,"0,91"
CSV_300itens_aumento_de_peso_e_volume.csv,300,1000000000,100000000,bb,10,"0,37","0,14","0,58","0,013","1,9372",6369.4,"1,5621"
CSV_300itens_aumento_de_peso_e_volume.csv,300,1000000000,1000000000,dp,10,"10,7134","11,2828","4,1476","6,0204","20,3951",6682.2,"0,39"
CSV_300itens_aumento_de_peso_e_volume.csv,300,1000000000,1000000000,bt,10,"3,2880","1,9665","3,8524","0,51","13,1692",6682.2,"1,1717"
CSV_300itens_aumento_de_peso_e_volume.csv,300,1000000000,1000000000,bb,10,"0,43","0,16","0,64","0,06","2,1086",6682.2,"1,4681"
