n,W,V,rep,instance,algorithm,profit,chosen_items,time_seconds,time_unit,status
100,100,100,1,instances/n100_w100_v100_r1.txt,dp,3744.0,3 36 45 69 99,0.000984329,seconds,
100,100,100,1,instances/n100_w100_v100_r1.txt,bt,3744.0,3 36 45 69 99,0.000461048,seconds,
100,100,100,1,instances/n100_w100_v100_r1.txt,bb,3744.0,3 36 45 69 99,0.000512375,seconds,
100,100,100,2,instances/n100_w100_v100_r2.txt,dp,3367.0,1 15 16 29 40,0.00340956,seconds,
100,100,100,2,instances/n100_w100_v100_r2.txt,bt,3367.0,1 15 16 29 40,0.002401041,seconds,
100,100,100,2,instances/n100_w100_v100_r2.txt,bb,3367.0,1 15 16 29 40,0.000803366,seconds,
100,100,100,3,instances/n100_w100_v100_r3.txt,dp,5159.0,29 30 40 57 60 78 85 90,0.008512435,seconds,
100,100,100,3,instances/n100_w100_v100_r3.txt,bt,5159.0,29 30 40 57 60 78 85 90,0.036922444,seconds,
100,100,100,3,instances/n100_w100_v100_r3.txt,bb,5159.0,29 30 40 57 60 78 85 90,0.004439336,seconds,
100,100,100,4,instances/n100_w100_v100_r4.txt,dp,4216.0,19 30 38 57 71 100,0.002484435,seconds,
100,100,100,4,instances/n100_w100_v100_r4.txt,bt,4216.0,19 30 38 57 71 100,0.001582019,seconds,
100,100,100,4,instances/n100_w100_v100_r4.txt,bb,4216.0,19 30 38 57 71 100,0.001624488,seconds,
100,100,100,5,instances/n100_w100_v100_r5.txt,dp,4343.0,3 15 21 23 28 30,0.001770258,seconds,
100,100,100,5,instances/n100_w100_v100_r5.txt,bt,4343.0,3 15 21 23 28 30,0.000410437,seconds,
100,100,100,5,instances/n100_w100_v100_r5.txt,bb,4343.0,3 15 21 23 28 30,2.2783e-05,seconds,
100,100,100,6,instances/n100_w100_v100_r6.txt,dp,4689.0,14 42 45 72 79 98,0.002766392,seconds,
100,100,100,6,instances/n100_w100_v100_r6.txt,bt,4689.0,14 42 45 72 79 98,0.002699101,seconds,
100,100,100,6,instances/n100_w100_v100_r6.txt,bb,4689.0,14 42 45 72 79 98,0.000196542,seconds,
100,100,100,7,instances/n100_w100_v100_r7.txt,dp,3663.0,12 21 27 36 60,0.00347406,seconds,
100,100,100,7,instances/n100_w100_v100_r7.txt,bt,3663.0,12 21 27 36 60,0.002865325,seconds,
100,100,100,7,instances/n100_w100_v100_r7.txt,bb,3663.0,12 21 27 36 60,0.000634982,seconds,
100,100,100,8,instances/n100_w100_v100_r8.txt,dp,4927.0,1 12 34 46 61 83,0.002022068,seconds,
100,100,100,8,instances/n100_w100_v100_r8.txt,bt,4927.0,1 12 34 46 61 83,0.000725299,seconds,
100,100,100,8,instances/n100_w100_v100_r8.txt,bb,4927.0,1 12 34 46 61 83,0.000217502,seconds,
100,100,100,9,instances/n100_w100_v100_r9.txt,dp,3614.0,33 34 40 60 86,0.001909586,seconds,
100,100,100,9,instances/n100_w100_v100_r9.txt,bt,3614.0,33 34 40 60 86,0.000446925,seconds,
100,100,100,9,instances/n100_w100_v100_r9.txt,bb,3614.0,33 34 40 60 86,0.000160291,seconds,
100,100,100,10,instances/n100_w100_v100_r10.txt,dp,3676.0,37 42 49 58 67,0.00096553,seconds,
100,100,100,10,instances/n100_w100_v100_r10.txt,bt,3676.0,37 42 49 58 67,0.000450895,seconds,
100,100,100,10,instances/n100_w100_v100_r10.txt,bb,3676.0,37 42 49 58 67,0.000165956,seconds,
200,100,100,1,instances/n200_w100_v100_r1.txt,dp,5125.0,20 41 63 82 124 147 151 197,0.012523119,seconds,
200,100,100,1,instances/n200_w100_v100_r1.txt,bt,5125.0,20 41 63 82 124 147 151 197,0.181351175,seconds,
200,100,100,1,instances/n200_w100_v100_r1.txt,bb,5125.0,20 41 63 82 124 147 151 197,0.031096793,seconds,
200,100,100,2,instances/n200_w100_v100_r2.txt,dp,4440.0,44 69 81 101 119 127 150,0.015568579,seconds,
200,100,100,2,instances/n200_w100_v100_r2.txt,bt,4440.0,44 69 81 101 119 127 150,0.077001094,seconds,
200,100,100,2,instances/n200_w100_v100_r2.txt,bb,4440.0,44 69 81 101 119 127 150,0.031158486,seconds,
200,100,100,3,instances/n200_w100_v100_r3.txt,dp,6176.0,1 5 11 63 85 107 156 173 198,0.015845159,seconds,
200,100,100,3,instances/n200_w100_v100_r3.txt,bt,6176.0,1 5 11 63 85 107 156 173 198,0.190112526,seconds,
200,100,100,3,instances/n200_w100_v100_r3.txt,bb,6176.0,1 5 11 63 85 107 156 173 198,0.028055542,seconds,
200,100,100,4,instances/n200_w100_v100_r4.txt,dp,5101.0,1 78 118 134 152 200,0.009045324,seconds,
200,100,100,4,instances/n200_w100_v100_r4.txt,bt,5101.0,1 78 118 134 152 200,0.034502679,seconds,
200,100,100,4,instances/n200_w100_v100_r4.txt,bb,5101.0,1 78 118 134 152 200,0.003149197,seconds,
200,100,100,5,instances/n200_w100_v100_r5.txt,dp,4570.0,4 63 79 85 90 186 188 192,0.010896493,seconds,
200,100,100,5,instances/n200_w100_v100_r5.txt,bt,4570.0,4 63 79 85 90 186 188 192,0.080059911,seconds,
200,100,100,5,instances/n200_w100_v100_r5.txt,bb,4570.0,4 63 79 85 90 186 188 192,0.005466757,seconds,
200,100,100,6,instances/n200_w100_v100_r6.txt,dp,5145.0,43 46 66 115 116 144 170 173,0.010034713,seconds,
200,100,100,6,instances/n200_w100_v100_r6.txt,bt,5145.0,43 46 66 115 116 144 170 173,0.145913029,seconds,
200,100,100,6,instances/n200_w100_v100_r6.txt,bb,5145.0,43 46 66 115 116 144 170 173,0.039109956,seconds,
200,100,100,7,instances/n200_w100_v100_r7.txt,dp,6876.0,35 73 84 98 101 132 148 154 199,0.014002872,seconds,
200,100,100,7,instances/n200_w100_v100_r7.txt,bt,6876.0,35 73 84 98 101 132 148 154 199,0.285362108,seconds,
200,100,100,7,instances/n200_w100_v100_r7.txt,bb,6876.0,35 73 84 98 101 132 148 154 199,0.019771565,seconds,
200,100,100,8,instances/n200_w100_v100_r8.txt,dp,6068.0,31 51 69 77 95 106 135 155,0.020063726,seconds,
200,100,100,8,instances/n200_w100_v100_r8.txt,bt,6068.0,31 51 69 77 95 106 135 155,0.105763588,seconds,
200,100,100,8,instances/n200_w100_v100_r8.txt,bb,6068.0,31 51 69 77 95 106 135 155,0.039447742,seconds,
200,100,100,9,instances/n200_w100_v100_r9.txt,dp,6581.0,29 70 91 135 139 141 145 163 183,0.010264124,seconds,
200,100,100,9,instances/n200_w100_v100_r9.txt,bt,6581.0,29 70 91 135 139 141 145 163 183,0.24411823,seconds,
200,100,100,9,instances/n200_w100_v100_r9.txt,bb,6581.0,29 70 91 135 139 141 145 163 183,0.002823776,seconds,
200,100,100,10,instances/n200_w100_v100_r10.txt,dp,4042.0,28 32 118 140 182 190,0.005955746,seconds,
200,100,100,10,instances/n200_w100_v100_r10.txt,bt,4042.0,28 32 118 140 182 190,0.016699807,seconds,
200,100,100,10,instances/n200_w100_v100_r10.txt,bb,4042.0,28 32 118 140 182 190,0.010582998,seconds,
300,100,100,1,instances/n300_w100_v100_r1.txt,dp,6680.0,32 82 88 188 204 215 250 263 264,0.017728618,seconds,
300,100,100,1,instances/n300_w100_v100_r1.txt,bt,6680.0,32 82 88 188 204 215 250 263 264,0.624925314,seconds,
300,100,100,1,instances/n300_w100_v100_r1.txt,bb,6680.0,32 82 88 188 204 215 250 263 264,0.076924504,seconds,
300,100,100,2,instances/n300_w100_v100_r2.txt,dp,6115.0,9 35 81 160 170 259 268 297,0.022821152,seconds,
300,100,100,2,instances/n300_w100_v100_r2.txt,bt,6115.0,9 35 81 160 170 259 268 297,2.442725857,seconds,
300,100,100,2,instances/n300_w100_v100_r2.txt,bb,6115.0,9 35 81 160 170 259 268 297,0.347202086,seconds,
300,100,100,3,instances/n300_w100_v100_r3.txt,dp,6238.0,40 52 120 133 231 276 281 292,0.030782417,seconds,
300,100,100,3,instances/n300_w100_v100_r3.txt,bt,6238.0,40 52 120 133 231 276 281 292,1.457965085,seconds,
300,100,100,3,instances/n300_w100_v100_r3.txt,bb,6238.0,40 52 120 133 231 276 281 292,0.104196812,seconds,
300,100,100,4,instances/n300_w100_v100_r4.txt,dp,6493.0,26 115 130 157 228 235 259 273,0.03104979,seconds,
300,100,100,4,instances/n300_w100_v100_r4.txt,bt,6493.0,26 115 130 157 228 235 259 273,6.001215416,seconds,
300,100,100,4,instances/n300_w100_v100_r4.txt,bb,6493.0,26 115 130 157 228 235 259 273,1.35067202,seconds,
300,100,100,5,instances/n300_w100_v100_r5.txt,dp,6210.0,7 12 50 95 104 119 163 197 282,0.031345118,seconds,
300,100,100,5,instances/n300_w100_v100_r5.txt,bt,6210.0,7 12 50 95 104 119 163 197 282,0.546189709,seconds,
300,100,100,5,instances/n300_w100_v100_r5.txt,bb,6210.0,7 12 50 95 104 119 163 197 282,0.058316237,seconds,
300,100,100,6,instances/n300_w100_v100_r6.txt,dp,5555.0,4 21 28 29 88 96 119 173,0.024329086,seconds,
300,100,100,6,instances/n300_w100_v100_r6.txt,bt,5555.0,4 21 28 29 88 96 119 173,0.495876978,seconds,
300,100,100,6,instances/n300_w100_v100_r6.txt,bb,5555.0,4 21 28 29 88 96 119 173,0.084575009,seconds,
300,100,100,7,instances/n300_w100_v100_r7.txt,dp,8616.0,2 99 158 178 193 227 249 266 268 299,0.019786296,seconds,
300,100,100,7,instances/n300_w100_v100_r7.txt,bt,8616.0,2 99 158 178 193 227 249 266 268 299,1.683695278,seconds,
300,100,100,7,instances/n300_w100_v100_r7.txt,bb,8616.0,2 99 158 178 193 227 249 266 268 299,0.061303251,seconds,
300,100,100,8,instances/n300_w100_v100_r8.txt,dp,6615.0,71 102 182 186 224 232 234 255 260,0.023200553,seconds,
300,100,100,8,instances/n300_w100_v100_r8.txt,bt,6615.0,71 102 182 186 224 232 234 255 260,1.881966204,seconds,
300,100,100,8,instances/n300_w100_v100_r8.txt,bb,6615.0,71 102 182 186 224 232 234 255 260,0.529810377,seconds,
300,100,100,9,instances/n300_w100_v100_r9.txt,dp,5532.0,114 125 211 248 249 264 285,0.022942225,seconds,
300,100,100,9,instances/n300_w100_v100_r9.txt,bt,5532.0,114 125 211 248 249 264 285,0.49898881,seconds,
300,100,100,9,instances/n300_w100_v100_r9.txt,bb,5532.0,114 125 211 248 249 264 285,0.177567205,seconds,
300,100,100,10,instances/n300_w100_v100_r10.txt,dp,6262.0,40 86 112 167 271 276 298,0.021433955,seconds,
300,100,100,10,instances/n300_w100_v100_r10.txt,bt,6262.0,40 86 112 167 271 276 298,1.005429822,seconds,
300,100,100,10,instances/n300_w100_v100_r10.txt,bb,6262.0,40 86 112 167 271 276 298,0.223369984,seconds,
400,100,100,1,instances/n400_w100_v100_r1.txt,dp,7354.0,8 50 56 84 136 174 222 236 289 297 315,0.035861718,seconds,
400,100,100,1,instances/n400_w100_v100_r1.txt,bt,7354.0,8 50 56 84 136 174 222 236 289 297 315,13.473884852,seconds,
400,100,100,1,instances/n400_w100_v100_r1.txt,bb,7354.0,8 50 56 84 136 174 222 236 289 297 315,0.291199311,seconds,
400,100,100,2,instances/n400_w100_v100_r2.txt,dp,5110.0,6 87 282 286 326 362 398,0.027304722,seconds,
400,100,100,2,instances/n400_w100_v100_r2.txt,bt,5110.0,6 87 282 286 326 362 398,0.814603968,seconds,
400,100,100,2,instances/n400_w100_v100_r2.txt,bb,5110.0,6 87 282 286 326 362 398,0.159096673,seconds,
400,100,100,3,instances/n400_w100_v100_r3.txt,dp,6609.0,31 58 105 126 146 226 241 266 326 382,0.039163428,seconds,
400,100,100,3,instances/n400_w100_v100_r3.txt,bt,6609.0,31 58 105 126 146 226 241 266 326 382,10.406005164,seconds,
400,100,100,3,instances/n400_w100_v100_r3.txt,bb,6609.0,31 58 105 126 146 226 241 266 326 382,0.893833529,seconds,
400,100,100,4,instances/n400_w100_v100_r4.txt,dp,6040.0,54 59 92 129 172 203 297 330,0.037903838,seconds,
400,100,100,4,instances/n400_w100_v100_r4.txt,bt,6040.0,54 59 92 129 172 203 297 330,10.673835392,seconds,
400,100,100,4,instances/n400_w100_v100_r4.txt,bb,6040.0,54 59 92 129 172 203 297 330,0.645934033,seconds,
400,100,100,5,instances/n400_w100_v100_r5.txt,dp,6072.0,30 103 114 119 167 188 230 273 334,0.029373489,seconds,
400,100,100,5,instances/n400_w100_v100_r5.txt,bt,6072.0,30 103 114 119 167 188 230 273 334,6.074897813,seconds,
400,100,100,5,instances/n400_w100_v100_r5.txt,bb,6072.0,30 103 114 119 167 188 230 273 334,0.283081638,seconds,
400,100,100,6,instances/n400_w100_v100_r6.txt,dp,6760.0,43 118 155 228 230 234 251 298 330 388,0.030983144,seconds,
400,100,100,6,instances/n400_w100_v100_r6.txt,bt,6760.0,43 118 155 228 230 234 251 298 330 388,22.121599567,seconds,
400,100,100,6,instances/n400_w100_v100_r6.txt,bb,6760.0,43 118 155 228 230 234 251 298 330 388,2.303146287,seconds,
400,100,100,7,instances/n400_w100_v100_r7.txt,dp,6361.0,6 69 125 169 232 257 307 388 393,0.031429473,seconds,
400,100,100,7,instances/n400_w100_v100_r7.txt,bt,6361.0,6 69 125 169 232 257 307 388 393,4.248389819,seconds,
400,100,100,7,instances/n400_w100_v100_r7.txt,bb,6361.0,6 69 125 169 232 257 307 388 393,1.615411123,seconds,
400,100,100,8,instances/n400_w100_v100_r8.txt,dp,8211.0,55 57 73 95 103 154 298 309 315 328 341,0.055659548,seconds,
400,100,100,8,instances/n400_w100_v100_r8.txt,bt,8211.0,55 57 73 95 103 154 298 309 315 328 341,9.971722507,seconds,
400,100,100,8,instances/n400_w100_v100_r8.txt,bb,8211.0,55 57 73 95 103 154 298 309 315 328 341,0.400251165,seconds,
400,100,100,9,instances/n400_w100_v100_r9.txt,dp,6588.0,8 60 61 92 179 194 207 299 325 341,0.035163233,seconds,
400,100,100,9,instances/n400_w100_v100_r9.txt,bt,6588.0,8 60 61 92 179 194 207 299 325 341,7.444647772,seconds,
400,100,100,9,instances/n400_w100_v100_r9.txt,bb,6588.0,8 60 61 92 179 194 207 299 325 341,1.500857759,seconds,
400,100,100,10,instances/n400_w100_v100_r10.txt,dp,5719.0,39 46 72 192 249 257 278 311 357,0.04404462,seconds,
400,100,100,10,instances/n400_w100_v100_r10.txt,bt,5719.0,39 46 72 192 249 257 278 311 357,12.604314785,seconds,
400,100,100,10,instances/n400_w100_v100_r10.txt,bb,5719.0,39 46 72 192 249 257 278 311 357,1.222333232,seconds,
500,100,100,1,instances/n500_w100_v100_r1.txt,dp,6930.0,61 115 139 141 160 200 209 230 390 498,0.053278777,seconds,
500,100,100,1,instances/n500_w100_v100_r1.txt,bt,6930.0,61 115 139 141 160 200 209 230 390 498,45.505537898,seconds,
500,100,100,1,instances/n500_w100_v100_r1.txt,bb,6930.0,61 115 139 141 160 200 209 230 390 498,2.532806024,seconds,
500,100,100,2,instances/n500_w100_v100_r2.txt,dp,7070.0,86 111 176 180 297 318 326 376 423,0.047606634,seconds,
500,100,100,2,instances/n500_w100_v100_r2.txt,bt,7070.0,86 111 176 180 297 318 326 376 423,24.117259132,seconds,
500,100,100,2,instances/n500_w100_v100_r2.txt,bb,7070.0,86 111 176 180 297 318 326 376 423,1.478160863,seconds,
500,100,100,3,instances/n500_w100_v100_r3.txt,dp,8659.0,24 113 128 129 153 174 197 271 348 463 483,0.053422928,seconds,
500,100,100,3,instances/n500_w100_v100_r3.txt,bt,8659.0,24 113 128 129 153 174 197 271 348 463 483,118.447216862,seconds,
500,100,100,3,instances/n500_w100_v100_r3.txt,bb,8659.0,24 113 128 129 153 174 197 271 348 463 483,8.508534896,seconds,
500,100,100,4,instances/n500_w100_v100_r4.txt,dp,6395.0,49 70 178 232 236 316 329 440 461,0.040945937,seconds,
500,100,100,4,instances/n500_w100_v100_r4.txt,bt,6395.0,49 70 178 232 236 316 329 440 461,5.581744451,seconds,
500,100,100,4,instances/n500_w100_v100_r4.txt,bb,6395.0,49 70 178 232 236 316 329 440 461,1.003738458,seconds,
500,100,100,5,instances/n500_w100_v100_r5.txt,dp,6625.0,7 10 162 193 201 238 298 312 403 429,0.05634711,seconds,
500,100,100,5,instances/n500_w100_v100_r5.txt,bt,6625.0,7 10 162 193 201 238 298 312 403 429,25.851078897,seconds,
500,100,100,5,instances/n500_w100_v100_r5.txt,bb,6625.0,7 10 162 193 201 238 298 312 403 429,3.479478673,seconds,
500,100,100,6,instances/n500_w100_v100_r6.txt,dp,7045.0,39 106 117 119 164 206 257 314 325 369,0.044766331,seconds,
500,100,100,6,instances/n500_w100_v100_r6.txt,bt,7045.0,39 106 117 119 164 206 257 314 325 369,102.426696051,seconds,
500,100,100,6,instances/n500_w100_v100_r6.txt,bb,7045.0,39 106 117 119 164 206 257 314 325 369,12.833092891,seconds,
500,100,100,7,instances/n500_w100_v100_r7.txt,dp,6798.0,273 318 332 352 357 409 432 489 491,0.039857548,seconds,
500,100,100,7,instances/n500_w100_v100_r7.txt,bt,6798.0,273 318 332 352 357 409 432 489 491,28.498096906,seconds,
500,100,100,7,instances/n500_w100_v100_r7.txt,bb,6798.0,273 318 332 352 357 409 432 489 491,0.747363119,seconds,
500,100,100,8,instances/n500_w100_v100_r8.txt,dp,6541.0,95 128 146 151 193 312 385 431 453 483,0.044095945,seconds,
500,100,100,8,instances/n500_w100_v100_r8.txt,bt,6541.0,95 128 146 151 193 312 385 431 453 483,18.151777866,seconds,
500,100,100,8,instances/n500_w100_v100_r8.txt,bb,6541.0,95 128 146 151 193 312 385 431 453 483,2.09247238,seconds,
500,100,100,9,instances/n500_w100_v100_r9.txt,dp,6652.0,56 146 183 184 186 228 301 308 456,0.041731704,seconds,
500,100,100,9,instances/n500_w100_v100_r9.txt,bt,6652.0,56 146 183 184 186 228 301 308 456,6.096757151,seconds,
500,100,100,9,instances/n500_w100_v100_r9.txt,bb,6652.0,56 146 183 184 186 228 301 308 456,1.637966235,seconds,
500,100,100,10,instances/n500_w100_v100_r10.txt,dp,7153.0,82 86 154 237 333 347 351 369 449 494,0.04603816,seconds,
500,100,100,10,instances/n500_w100_v100_r10.txt,bt,7153.0,82 86 154 237 333 347 351 369 449 494,35.575390912,seconds,
500,100,100,10,instances/n500_w100_v100_r10.txt,bb,7153.0,82 86 154 237 333 347 351 369 449 494,5.375390626,seconds,
600,100,100,1,instances/n600_w100_v100_r1.txt,dp,10535.0,55 64 86 149 183 193 289 315 340 373 499 560 561,0.069559522,seconds,
600,100,100,1,instances/n600_w100_v100_r1.txt,bt,10535.0,55 64 86 149 183 193 289 315 340 373 499 560 561,3315.117764572,seconds,
600,100,100,1,instances/n600_w100_v100_r1.txt,bb,10535.0,55 64 86 149 183 193 289 315 340 373 499 560 561,166.646130553,seconds,
600,100,100,2,instances/n600_w100_v100_r2.txt,dp,9301.0,100 129 155 163 206 442 453 484 485 493 534 544,0.062901308,seconds,
600,100,100,2,instances/n600_w100_v100_r2.txt,bt,9301.0,100 129 155 163 206 442 453 484 485 493 534 544,776.381229632,seconds,
600,100,100,2,instances/n600_w100_v100_r2.txt,bb,9301.0,100 129 155 163 206 442 453 484 485 493 534 544,70.693072695,seconds,
600,100,100,3,instances/n600_w100_v100_r3.txt,dp,7977.0,231 268 282 301 461 527 530 533 583 597,0.0727053,seconds,
600,100,100,3,instances/n600_w100_v100_r3.txt,bt,7977.0,231 268 282 301 461 527 530 533 583 597,147.831214668,seconds,
600,100,100,3,instances/n600_w100_v100_r3.txt,bb,7977.0,231 268 282 301 461 527 530 533 583 597,16.28969215,seconds,
600,100,100,4,instances/n600_w100_v100_r4.txt,dp,8640.0,48 59 71 87 109 118 124 156 166 267 322 419 477,0.090379984,seconds,
600,100,100,4,instances/n600_w100_v100_r4.txt,bt,8640.0,48 59 71 87 109 118 124 156 166 267 322 419 477,1323.847893623,seconds,
600,100,100,4,instances/n600_w100_v100_r4.txt,bb,8640.0,48 59 71 87 109 118 124 156 166 267 322 419 477,31.256045399,seconds,
600,100,100,5,instances/n600_w100_v100_r5.txt,dp,5687.0,18 55 95 185 233 345 411 457,0.064262014,seconds,
600,100,100,5,instances/n600_w100_v100_r5.txt,bt,5687.0,18 55 95 185 233 345 411 457,9.431184467,seconds,
600,100,100,5,instances/n600_w100_v100_r5.txt,bb,5687.0,18 55 95 185 233 345 411 457,2.488234957,seconds,
600,100,100,6,instances/n600_w100_v100_r6.txt,dp,7127.0,98 230 270 303 347 394 434 458 465 564,0.070960876,seconds,
600,100,100,6,instances/n600_w100_v100_r6.txt,bt,7127.0,98 230 270 303 347 394 434 458 465 564,61.29939406,seconds,
600,100,100,6,instances/n600_w100_v100_r6.txt,bb,7127.0,98 230 270 303 347 394 434 458 465 564,10.905534351,seconds,
600,100,100,7,instances/n600_w100_v100_r7.txt,dp,8267.0,18 92 186 203 286 381 392 510 535 556 562,0.059097988,seconds,
600,100,100,7,instances/n600_w100_v100_r7.txt,bt,8267.0,18 92 186 203 286 381 392 510 535 556 562,211.809543152,seconds,
600,100,100,7,instances/n600_w100_v100_r7.txt,bb,8267.0,18 92 186 203 286 381 392 510 535 556 562,9.189837891,seconds,
600,100,100,8,instances/n600_w100_v100_r8.txt,dp,8457.0,215 220 302 340 370 405 457 580 598 599,0.080571747,seconds,
600,100,100,8,instances/n600_w100_v100_r8.txt,bt,8457.0,220 302 340 348 370 405 457 580 598 599,221.982541031,seconds,
600,100,100,8,instances/n600_w100_v100_r8.txt,bb,8457.0,220 302 340 348 370 405 457 580 598 599,6.779675671,seconds,
600,100,100,9,instances/n600_w100_v100_r9.txt,dp,10618.0,19 29 36 97 100 189 200 225 247 376 404 489 547 558 561 567,0.097375063,seconds,
600,100,100,9,instances/n600_w100_v100_r9.txt,bt,10618.0,19 29 36 97 100 189 200 225 247 376 404 489 547 558 561 567,4237.431484779,seconds,
600,100,100,9,instances/n600_w100_v100_r9.txt,bb,10618.0,19 29 36 97 100 189 200 225 247 376 404 489 547 558 561 567,302.780160423,seconds,
600,100,100,10,instances/n600_w100_v100_r10.txt,dp,6826.0,31 50 146 164 233 319 345 440 444 543,0.060641746,seconds,
600,100,100,10,instances/n600_w100_v100_r10.txt,bt,6826.0,31 50 146 164 233 319 345 440 444 543,143.717044018,seconds,
600,100,100,10,instances/n600_w100_v100_r10.txt,bb,6826.0,31 50 146 164 233 319 345 440 444 543,11.765363381,seconds,
700,100,100,1,instances/n700_w100_v100_r1.txt,dp,8326.0,76 151 248 369 380 491 600 621 628 650 664,0.087197708,seconds,
700,100,100,1,instances/n700_w100_v100_r1.txt,bt,8326.0,76 151 248 369 380 491 600 621 628 650 664,552.10251604,seconds,
700,100,100,1,instances/n700_w100_v100_r1.txt,bb,8326.0,76 151 248 369 380 491 600 621 628 650 664,33.974615559,seconds,
700,100,100,2,instances/n700_w100_v100_r2.txt,dp,7098.0,42 105 215 216 277 463 475 634 698,0.116339132,seconds,
700,100,100,2,instances/n700_w100_v100_r2.txt,bt,7098.0,42 105 215 216 277 463 475 634 698,137.688929188,seconds,
700,100,100,2,instances/n700_w100_v100_r2.txt,bb,7098.0,42 105 215 216 277 463 475 634 698,44.329204966,seconds,
700,100,100,3,instances/n700_w100_v100_r3.txt,dp,6308.0,123 174 212 214 223 272 503 577 595,0.079396929,seconds,
700,100,100,3,instances/n700_w100_v100_r3.txt,bt,6308.0,123 174 212 214 223 272 503 577 595,366.448306477,seconds,
700,100,100,3,instances/n700_w100_v100_r3.txt,bb,6308.0,123 174 212 214 223 272 503 577 595,57.341597728,seconds,
700,100,100,4,instances/n700_w100_v100_r4.txt,dp,8453.0,97 101 184 267 279 286 344 392 543 654 669,0.077942553,seconds,
700,100,100,4,instances/n700_w100_v100_r4.txt,bt,8453.0,97 101 184 267 279 286 344 392 543 654 669,862.936890707,seconds,
700,100,100,4,instances/n700_w100_v100_r4.txt,bb,8453.0,97 101 184 267 279 286 344 392 543 654 669,22.807648783,seconds,
700,100,100,5,instances/n700_w100_v100_r5.txt,dp,8453.0,13 103 151 159 245 257 270 360 392 449 482 531,0.082151653,seconds,
700,100,100,5,instances/n700_w100_v100_r5.txt,bt,8453.0,13 103 151 159 245 257 270 360 392 449 482 531,141.104728165,seconds,
700,100,100,5,instances/n700_w100_v100_r5.txt,bb,8453.0,13 103 151 159 245 257 270 360 392 449 482 531,7.434536726,seconds,
700,100,100,6,instances/n700_w100_v100_r6.txt,dp,7397.0,12 138 217 221 283 389 451 505 568 636,0.079614647,seconds,
700,100,100,6,instances/n700_w100_v100_r6.txt,bt,7397.0,12 138 217 221 283 389 451 505 568 636,1015.609046721,seconds,
700,100,100,6,instances/n700_w100_v100_r6.txt,bb,7397.0,12 138 217 221 283 389 451 505 568 636,241.751038875,seconds,
700,100,100,7,instances/n700_w100_v100_r7.txt,dp,8209.0,128 132 269 276 297 381 531 571 589 647 653 660 677,0.093403378,seconds,
700,100,100,7,instances/n700_w100_v100_r7.txt,bt,8209.0,128 132 269 276 297 381 531 571 589 647 653 660 677,1552.37386755,seconds,
700,100,100,7,instances/n700_w100_v100_r7.txt,bb,8209.0,128 132 269 276 297 381 531 571 589 647 653 660 677,255.361093769,seconds,
700,100,100,8,instances/n700_w100_v100_r8.txt,dp,8521.0,22 61 73 107 151 259 271 274 433 460 510 514 615,0.080396832,seconds,
700,100,100,8,instances/n700_w100_v100_r8.txt,bt,8521.0,10 22 107 151 259 271 274 433 460 510 514 615 645,584.552564832,seconds,
700,100,100,8,instances/n700_w100_v100_r8.txt,bb,8521.0,10 22 107 151 259 271 274 433 460 510 514 615 645,25.814935335,seconds,
700,100,100,9,instances/n700_w100_v100_r9.txt,dp,8413.0,85 139 214 294 378 395 448 465 552 573 652 654 682,0.063481482,seconds,
700,100,100,9,instances/n700_w100_v100_r9.txt,bt,8413.0,85 139 214 294 378 395 448 465 552 573 652 654 682,1108.853958739,seconds,
700,100,100,9,instances/n700_w100_v100_r9.txt,bb,8413.0,85 139 214 294 378 395 448 465 552 573 652 654 682,96.9901855,seconds,
700,100,100,10,instances/n700_w100_v100_r10.txt,dp,7023.0,174 203 250 334 371 375 413 430 453 465 675,0.069014,seconds,
700,100,100,10,instances/n700_w100_v100_r10.txt,bt,7023.0,174 203 250 334 371 375 413 430 453 465 675,240.687352067,seconds,
700,100,100,10,instances/n700_w100_v100_r10.txt,bb,7023.0,174 203 250 334 371 375 413 430 453 465 675,52.318464377,seconds,
800,100,100,1,instances/n800_w100_v100_r1.txt,dp,8003.0,66 126 152 217 305 534 705 713 800,0.062859228,seconds,ok
800,100,100,1,instances/n800_w100_v100_r1.txt,bt,8003.0,66 126 152 217 305 534 705 713 800,1162.664169583,seconds,ok
800,100,100,1,instances/n800_w100_v100_r1.txt,bb,8003.0,66 126 152 217 305 534 705 713 800,106.090233439,seconds,ok
800,100,100,2,instances/n800_w100_v100_r2.txt,dp,7889.0,77 248 356 358 375 397 427 431 491 513 537 792,0.06114541,seconds,ok
800,100,100,2,instances/n800_w100_v100_r2.txt,bt,7889.0,77 248 356 358 375 397 427 431 491 513 537 792,442.20505673,seconds,ok
800,100,100,2,instances/n800_w100_v100_r2.txt,bb,7889.0,77 248 356 358 375 397 427 431 491 513 537 792,29.840717736,seconds,ok
800,100,100,3,instances/n800_w100_v100_r3.txt,dp,10430.0,110 184 280 300 319 369 373 407 428 464 614 668 683,0.067200514,seconds,ok
800,100,100,3,instances/n800_w100_v100_r3.txt,bt,10430.0,110 184 280 300 319 369 373 407 428 464 614 668 683,6148.565836943,seconds,ok
800,100,100,3,instances/n800_w100_v100_r3.txt,bb,10430.0,110 184 280 300 319 369 373 407 428 464 614 668 683,130.751880347,seconds,ok
800,100,100,4,instances/n800_w100_v100_r4.txt,dp,8849.0,22 95 114 245 246 387 440 462 542 548 628 753,0.074594787,seconds,ok
800,100,100,4,instances/n800_w100_v100_r4.txt,bt,,,7200.0,seconds,timeout
800,100,100,4,instances/n800_w100_v100_r4.txt,bb,8849.0,22 95 114 245 246 387 440 462 542 548 628 753,413.590738389,seconds,ok
800,100,100,5,instances/n800_w100_v100_r5.txt,dp,10149.0,57 161 299 331 344 381 422 444 523 553 699 763,0.07824856,seconds,ok
800,100,100,5,instances/n800_w100_v100_r5.txt,bt,10149.0,57 161 299 331 344 381 422 444 523 553 699 763,766.322880006,seconds,ok
800,100,100,5,instances/n800_w100_v100_r5.txt,bb,10149.0,57 161 299 331 344 381 422 444 523 553 699 763,36.879696016,seconds,ok
800,100,100,6,instances/n800_w100_v100_r6.txt,dp,9796.0,28 64 71 121 125 135 147 279 316 425 705 714 800,0.0737389,seconds,ok
800,100,100,6,instances/n800_w100_v100_r6.txt,bt,,,7200.0,seconds,timeout
800,100,100,6,instances/n800_w100_v100_r6.txt,bb,9796.0,28 64 71 121 125 135 147 279 316 425 705 714 800,552.283085174,seconds,ok
800,100,100,7,instances/n800_w100_v100_r7.txt,dp,7956.0,50 142 167 308 323 444 477 491 563 681 699 731,0.080266523,seconds,ok
800,100,100,7,instances/n800_w100_v100_r7.txt,bt,7956.0,50 142 167 308 323 444 477 491 563 681 699 731,875.089047246,seconds,ok
800,100,100,7,instances/n800_w100_v100_r7.txt,bb,7956.0,50 142 167 308 323 444 477 491 563 681 699 731,127.314240805,seconds,ok
800,100,100,8,instances/n800_w100_v100_r8.txt,dp,8803.0,2 30 88 96 98 112 402 434 502 630 674 723,0.118435946,seconds,ok
800,100,100,8,instances/n800_w100_v100_r8.txt,bt,8803.0,2 30 88 96 98 112 402 434 502 630 674 723,3472.233349679,seconds,ok
800,100,100,8,instances/n800_w100_v100_r8.txt,bb,8803.0,2 30 88 96 98 112 402 434 502 630 674 723,259.535161152,seconds,ok
800,100,100,9,instances/n800_w100_v100_r9.txt,dp,8772.0,131 139 174 284 357 384 495 569 737 753,0.090215699,seconds,ok
800,100,100,9,instances/n800_w100_v100_r9.txt,bt,8772.0,131 139 174 284 357 384 495 569 737 753,283.240873827,seconds,ok
800,100,100,9,instances/n800_w100_v100_r9.txt,bb,8772.0,131 139 174 284 357 384 495 569 737 753,23.742848216,seconds,ok
800,100,100,10,instances/n800_w100_v100_r10.txt,dp,8986.0,1 59 129 168 287 478 488 506 548 719 749,0.064216564,seconds,ok
800,100,100,10,instances/n800_w100_v100_r10.txt,bt,8986.0,1 59 129 168 287 478 488 506 548 719 749,457.510841392,seconds,ok
800,100,100,10,instances/n800_w100_v100_r10.txt,bb,8986.0,1 59 129 168 287 478 488 506 548 719 749,42.923206389,seconds,ok
900,100,100,1,instances/n900_w100_v100_r1.txt,dp,8368.0,173 230 236 272 380 439 462 514 596 698 772,0.058294576,seconds,
900,100,100,1,instances/n900_w100_v100_r1.txt,bt,8368.0,173 230 236 272 380 439 462 514 596 698 772,4211.485871822,seconds,
900,100,100,1,instances/n900_w100_v100_r1.txt,bb,8368.0,173 230 236 272 380 439 462 514 596 698 772,230.308236308,seconds,
900,100,100,2,instances/n900_w100_v100_r2.txt,dp,9746.0,65 129 153 218 261 265 273 537 571 731 836 848,0.05844958,seconds,
900,100,100,2,instances/n900_w100_v100_r2.txt,bt,9746.0,65 129 153 218 261 265 273 537 571 731 836 848,3892.245440221,seconds,
900,100,100,2,instances/n900_w100_v100_r2.txt,bb,9746.0,65 129 153 218 261 265 273 537 571 731 836 848,135.598099918,seconds,
900,100,100,3,instances/n900_w100_v100_r3.txt,dp,10227.0,32 78 136 194 336 377 447 457 576 710 730 751 753 877,0.065687642,seconds,
900,100,100,3,instances/n900_w100_v100_r3.txt,bt,10227.0,32 78 136 194 336 377 447 457 576 710 730 751 753 877,13565.980452726,seconds,
900,100,100,3,instances/n900_w100_v100_r3.txt,bb,10227.0,32 78 136 194 336 377 447 457 576 710 730 751 753 877,631.143565119,seconds,
900,100,100,4,instances/n900_w100_v100_r4.txt,dp,9369.0,1 147 347 419 424 579 689 693 701 726 832 855,0.053687607,seconds,
900,100,100,4,instances/n900_w100_v100_r4.txt,bt,9369.0,1 147 347 419 424 579 689 693 701 726 832 855,2440.500433449,seconds,
900,100,100,4,instances/n900_w100_v100_r4.txt,bb,9369.0,1 147 347 419 424 579 689 693 701 726 832 855,116.269004217,seconds,
900,100,100,5,instances/n900_w100_v100_r5.txt,dp,8003.0,6 69 224 251 327 366 404 426 512 715 853 865,0.058708182,seconds,
900,100,100,5,instances/n900_w100_v100_r5.txt,dp,8320.0,16 23 82 140 194 444 510 551 621 695 721,0.058225896,seconds,ok
900,100,100,5,instances/n900_w100_v100_r5.txt,bt,8320.0,16 23 82 140 194 444 510 551 621 695 721,1302.889344755,seconds,ok
900,100,100,6,instances/n900_w100_v100_r6.txt,bb,8320.0,16 23 82 140 194 444 510 551 621 695 721,203.578547076,seconds,ok
900,100,100,6,instances/n900_w100_v100_r6.txt,dp,9157.0,93 184 259 286 340 498 520 536 545 657 695 715 874,0.202703607,seconds,ok
900,100,100,6,instances/n900_w100_v100_r6.txt,bt,9157.0,93 184 259 286 340 498 520 536 545 657 695 715 874,6164.511914027,seconds,ok
900,100,100,7,instances/n900_w100_v100_r7.txt,bb,9157.0,93 184 259 286 340 498 520 536 545 657 695 715 874,292.329908033,seconds,ok
900,100,100,7,instances/n900_w100_v100_r7.txt,dp,10148.0,129 265 343 539 640 686 711 736 737 789 823 838,0.048242772,seconds,ok
900,100,100,7,instances/n900_w100_v100_r7.txt,bt,10148.0,129 265 343 539 640 686 711 736 737 789 823 838,592.810859125,seconds,ok
900,100,100,8,instances/n900_w100_v100_r8.txt,bb,10148.0,129 265 343 539 640 686 711 736 737 789 823 838,56.442827195,seconds,ok
900,100,100,8,instances/n900_w100_v100_r8.txt,dp,8851.0,22 71 127 195 274 437 473 617 688 697 728,0.059655772,seconds,ok
900,100,100,8,instances/n900_w100_v100_r8.txt,bt,8851.0,22 71 127 195 274 437 473 617 688 697 728,4644.891069052,seconds,ok
900,100,100,9,instances/n900_w100_v100_r9.txt,bb,8851.0,22 71 127 195 274 437 473 617 688 697 728,216.201547018,seconds,ok
900,100,100,9,instances/n900_w100_v100_r9.txt,dp,8171.0,16 81 322 556 602 666 775 794 802 890,0.056955558,seconds,ok
900,100,100,9,instances/n900_w100_v100_r9.txt,bt,8171.0,16 81 322 556 602 666 775 794 802 890,1007.261331029,seconds,ok
900,100,100,10,instances/n900_w100_v100_r10.txt,bb,8171.0,16 81 322 556 602 666 775 794 802 890,22.673345473,seconds,ok
900,100,100,10,instances/n900_w100_v100_r10.txt,dp,9574.0,57 119 268 337 417 444 507 523 575 623 626 727 848 892,0.05850698,seconds,ok
900,100,100,10,instances/n900_w100_v100_r10.txt,bt,9574.0,57 119 268 337 417 444 507 523 575 623 626 727 848 892,5930.486098655,seconds,ok
100,100,100,1,instances/n100_w100_v100_r1.txt,dp,3125.0,5 6 49 52 93 96,0.002274427,seconds,
100,100,100,1,instances/n100_w100_v100_r1.txt,bt,3125.0,5 6 49 52 93 96,0.0009793,seconds,
100,100,100,1,instances/n100_w100_v100_r1.txt,bb,3125.0,5 6 49 52 93 96,0.000443613,seconds,
100,100,100,2,instances/n100_w100_v100_r2.txt,dp,3466.0,27 36 42 60 94,0.000764784,seconds,
100,100,100,2,instances/n100_w100_v100_r2.txt,bt,3466.0,27 36 42 60 94,0.000368597,seconds,
100,100,100,2,instances/n100_w100_v100_r2.txt,bb,3466.0,27 36 42 60 94,0.000150452,seconds,
100,100,100,3,instances/n100_w100_v100_r3.txt,dp,4990.0,20 26 35 47 76 78 95,0.002965352,seconds,
100,100,100,3,instances/n100_w100_v100_r3.txt,bt,4990.0,20 26 35 47 76 78 95,0.001933105,seconds,
100,100,100,3,instances/n100_w100_v100_r3.txt,bb,4990.0,20 26 35 47 76 78 95,0.000195682,seconds,
100,100,100,4,instances/n100_w100_v100_r4.txt,dp,4566.0,18 23 49 56 92 97,0.001565807,seconds,
100,100,100,4,instances/n100_w100_v100_r4.txt,bt,4566.0,18 23 49 56 92 97,0.00055925,seconds,
100,100,100,4,instances/n100_w100_v100_r4.txt,bb,4566.0,18 23 49 56 92 97,0.000295567,seconds,
100,100,100,5,instances/n100_w100_v100_r5.txt,dp,3260.0,8 40 54 60 74 91,0.001580317,seconds,
100,100,100,5,instances/n100_w100_v100_r5.txt,bt,3260.0,8 40 54 60 74 91,0.000941229,seconds,
100,100,100,5,instances/n100_w100_v100_r5.txt,bb,3260.0,8 40 54 60 74 91,0.000526263,seconds,
100,100,100,6,instances/n100_w100_v100_r6.txt,dp,5259.0,10 12 18 20 34 36 72 77 88,0.005333135,seconds,
100,100,100,6,instances/n100_w100_v100_r6.txt,bt,5259.0,10 12 18 20 34 36 72 77 88,0.010220148,seconds,
100,100,100,6,instances/n100_w100_v100_r6.txt,bb,5259.0,10 12 18 20 34 36 72 77 88,0.003555542,seconds,
100,100,100,7,instances/n100_w100_v100_r7.txt,dp,5554.0,26 31 33 51 70 72 91,0.002551227,seconds,
100,100,100,7,instances/n100_w100_v100_r7.txt,bt,5554.0,26 31 33 51 70 72 91,0.002856936,seconds,
100,100,100,7,instances/n100_w100_v100_r7.txt,bb,5554.0,26 31 33 51 70 72 91,0.000300144,seconds,
100,100,100,8,instances/n100_w100_v100_r8.txt,dp,4393.0,15 40 42 47 65 70,0.002496525,seconds,
100,100,100,8,instances/n100_w100_v100_r8.txt,bt,4393.0,15 40 42 47 65 70,0.005018823,seconds,
100,100,100,8,instances/n100_w100_v100_r8.txt,bb,4393.0,15 40 42 47 65 70,0.000848541,seconds,
100,100,100,9,instances/n100_w100_v100_r9.txt,dp,4064.0,2 4 15 17 57 68 99,0.002077004,seconds,
100,100,100,9,instances/n100_w100_v100_r9.txt,bt,4064.0,2 4 15 17 57 68 99,0.002142252,seconds,
100,100,100,9,instances/n100_w100_v100_r9.txt,bb,4064.0,2 4 15 17 57 68 99,0.000466864,seconds,
100,100,100,10,instances/n100_w100_v100_r10.txt,dp,3703.0,7 58 84 90 93,0.001398074,seconds,
100,100,100,10,instances/n100_w100_v100_r10.txt,bt,3703.0,7 58 84 90 93,0.001133702,seconds,
100,100,100,10,instances/n100_w100_v100_r10.txt,bb,3703.0,7 58 84 90 93,0.000402706,seconds,
100,200,100,1,instances/n100_w200_v100_r1.txt,dp,3289.0,20 35 63 65 100,0.001037348,seconds,
100,200,100,1,instances/n100_w200_v100_r1.txt,bt,3289.0,20 35 63 65 100,0.001201374,seconds,
100,200,100,1,instances/n100_w200_v100_r1.txt,bb,3289.0,20 35 63 65 100,0.000420461,seconds,
100,200,100,2,instances/n100_w200_v100_r2.txt,dp,3397.0,19 35 37 46 79,0.002923666,seconds,
100,200,100,2,instances/n100_w200_v100_r2.txt,bt,3397.0,19 35 37 46 79,0.001568359,seconds,
100,200,100,2,instances/n100_w200_v100_r2.txt,bb,3397.0,19 35 37 46 79,0.000625681,seconds,
100,200,100,3,instances/n100_w200_v100_r3.txt,dp,3645.0,23 30 43 54 98,0.005610976,seconds,
100,200,100,3,instances/n100_w200_v100_r3.txt,bt,3645.0,23 30 43 54 98,0.001337475,seconds,
100,200,100,3,instances/n100_w200_v100_r3.txt,bb,3645.0,23 30 43 54 98,0.000400479,seconds,
100,200,100,4,instances/n100_w200_v100_r4.txt,dp,4334.0,1 15 23 25 26,0.002762653,seconds,
100,200,100,4,instances/n100_w200_v100_r4.txt,bt,4334.0,1 15 23 25 26,0.001104373,seconds,
100,200,100,4,instances/n100_w200_v100_r4.txt,bb,4334.0,1 15 23 25 26,0.000397939,seconds,
100,200,100,5,instances/n100_w200_v100_r5.txt,dp,4086.0,15 21 68 76 98,0.002939675,seconds,
100,200,100,5,instances/n100_w200_v100_r5.txt,bt,4086.0,15 21 68 76 98,0.002820788,seconds,
100,200,100,5,instances/n100_w200_v100_r5.txt,bb,4086.0,15 21 68 76 98,0.00086137,seconds,
100,200,100,6,instances/n100_w200_v100_r6.txt,dp,5051.0,57 58 63 72 79 85,0.002592398,seconds,
100,200,100,6,instances/n100_w200_v100_r6.txt,bt,5051.0,57 58 63 72 79 85,0.000597945,seconds,
100,200,100,6,instances/n100_w200_v100_r6.txt,bb,5051.0,57 58 63 72 79 85,9.0586e-05,seconds,
100,200,100,7,instances/n100_w200_v100_r7.txt,dp,3987.0,5 15 22 24 40 45 51 63,0.005689649,seconds,
100,200,100,7,instances/n100_w200_v100_r7.txt,bt,3987.0,5 15 22 24 40 45 51 63,0.005637745,seconds,
100,200,100,7,instances/n100_w200_v100_r7.txt,bb,3987.0,5 15 22 24 40 45 51 63,0.001447855,seconds,
100,200,100,8,instances/n100_w200_v100_r8.txt,dp,3697.0,7 9 27 63 75,0.001536214,seconds,
100,200,100,8,instances/n100_w200_v100_r8.txt,bt,3697.0,7 9 27 63 75,0.000989521,seconds,
100,200,100,8,instances/n100_w200_v100_r8.txt,bb,3697.0,7 9 27 63 75,0.000389224,seconds,
100,200,100,9,instances/n100_w200_v100_r9.txt,dp,4299.0,28 37 49 59 63 97,0.003604292,seconds,
100,200,100,9,instances/n100_w200_v100_r9.txt,bt,4299.0,28 37 49 59 63 97,0.002033441,seconds,
100,200,100,9,instances/n100_w200_v100_r9.txt,bb,4299.0,28 37 49 59 63 97,0.00052207,seconds,
100,200,100,10,instances/n100_w200_v100_r10.txt,dp,4968.0,1 44 60 64 82 83,0.00334166,seconds,
100,200,100,10,instances/n100_w200_v100_r10.txt,bt,4968.0,1 44 60 64 82 83,0.002866461,seconds,
100,200,100,10,instances/n100_w200_v100_r10.txt,bb,4968.0,1 44 60 64 82 83,0.000500169,seconds,
100,300,100,1,instances/n100_w300_v100_r1.txt,dp,3970.0,30 40 51 52 56 90,0.004890059,seconds,
100,300,100,1,instances/n100_w300_v100_r1.txt,bt,3970.0,30 40 51 52 56 90,0.002641026,seconds,
100,300,100,1,instances/n100_w300_v100_r1.txt,bb,3970.0,30 40 51 52 56 90,0.001314768,seconds,
100,300,100,2,instances/n100_w300_v100_r2.txt,dp,5365.0,13 24 29 45 62 64,0.003507767,seconds,
100,300,100,2,instances/n100_w300_v100_r2.txt,bt,5365.0,13 24 29 45 62 64,0.001448523,seconds,
100,300,100,2,instances/n100_w300_v100_r2.txt,bb,5365.0,13 24 29 45 62 64,0.000504367,seconds,
100,300,100,3,instances/n100_w300_v100_r3.txt,dp,4009.0,5 32 41 59 79,0.001833103,seconds,
100,300,100,3,instances/n100_w300_v100_r3.txt,bt,4009.0,5 32 41 59 79,0.000486778,seconds,
100,300,100,3,instances/n100_w300_v100_r3.txt,bb,4009.0,5 32 41 59 79,0.000195975,seconds,
100,300,100,4,instances/n100_w300_v100_r4.txt,dp,3189.0,30 50 72 77,0.002517624,seconds,
100,300,100,4,instances/n100_w300_v100_r4.txt,bt,3189.0,30 50 72 77,0.000681469,seconds,
100,300,100,4,instances/n100_w300_v100_r4.txt,bb,3189.0,30 50 72 77,0.000785895,seconds,
100,300,100,5,instances/n100_w300_v100_r5.txt,dp,3928.0,35 45 74 76 88,0.001125642,seconds,
100,300,100,5,instances/n100_w300_v100_r5.txt,bt,3928.0,35 45 74 76 88,0.000603751,seconds,
100,300,100,5,instances/n100_w300_v100_r5.txt,bb,3928.0,35 45 74 76 88,0.000178793,seconds,
100,300,100,6,instances/n100_w300_v100_r6.txt,dp,3457.0,4 69 73 78 87,0.000755473,seconds,
100,300,100,6,instances/n100_w300_v100_r6.txt,bt,3457.0,4 69 73 78 87,0.000457929,seconds,
100,300,100,6,instances/n100_w300_v100_r6.txt,bb,3457.0,4 69 73 78 87,0.000562242,seconds,
100,300,100,7,instances/n100_w300_v100_r7.txt,dp,4748.0,11 16 59 62 64 70 91,0.009165644,seconds,
100,300,100,7,instances/n100_w300_v100_r7.txt,bt,4748.0,11 16 59 62 64 70 91,0.005317722,seconds,
100,300,100,7,instances/n100_w300_v100_r7.txt,bb,4748.0,11 16 59 62 64 70 91,0.000439124,seconds,
100,300,100,8,instances/n100_w300_v100_r8.txt,dp,3238.0,6 19 30 58 96,0.00477243,seconds,
100,300,100,8,instances/n100_w300_v100_r8.txt,bt,3238.0,6 19 30 58 96,0.001622816,seconds,
100,300,100,8,instances/n100_w300_v100_r8.txt,bb,3238.0,6 19 30 58 96,0.000546608,seconds,
100,300,100,9,instances/n100_w300_v100_r9.txt,dp,5590.0,20 29 41 53 54 67 80 83,0.005019168,seconds,
100,300,100,9,instances/n100_w300_v100_r9.txt,bt,5590.0,20 29 41 53 54 67 80 83,0.003514633,seconds,
100,300,100,9,instances/n100_w300_v100_r9.txt,bb,5590.0,20 29 41 53 54 67 80 83,0.000867484,seconds,
100,300,100,10,instances/n100_w300_v100_r10.txt,dp,5647.0,2 17 21 30 34 40 61,0.00909216,seconds,
100,300,100,10,instances/n100_w300_v100_r10.txt,bt,5647.0,2 17 21 30 34 40 61,0.003726993,seconds,
100,300,100,10,instances/n100_w300_v100_r10.txt,bb,5647.0,2 17 21 30 34 40 61,0.000195708,seconds,
100,400,100,1,instances/n100_w400_v100_r1.txt,dp,4634.0,1 19 28 47 61 69 96 99,0.004694669,seconds,
100,400,100,1,instances/n100_w400_v100_r1.txt,bt,4634.0,1 19 28 47 61 69 96 99,0.003677359,seconds,
100,400,100,1,instances/n100_w400_v100_r1.txt,bb,4634.0,1 19 28 47 61 69 96 99,0.002030783,seconds,
100,400,100,2,instances/n100_w400_v100_r2.txt,dp,5816.0,12 49 60 64 79 80 92 96,0.005544722,seconds,
100,400,100,2,instances/n100_w400_v100_r2.txt,bt,5816.0,12 49 60 64 79 80 92 96,0.002584973,seconds,
100,400,100,2,instances/n100_w400_v100_r2.txt,bb,5816.0,12 49 60 64 79 80 92 96,0.000264674,seconds,
100,400,100,3,instances/n100_w400_v100_r3.txt,dp,4905.0,29 46 52 53 57 67 70 72,0.007180337,seconds,
100,400,100,3,instances/n100_w400_v100_r3.txt,bt,4905.0,29 46 52 53 57 67 70 72,0.003015712,seconds,
100,400,100,3,instances/n100_w400_v100_r3.txt,bb,4905.0,29 46 52 53 57 67 70 72,0.000116913,seconds,
100,400,100,4,instances/n100_w400_v100_r4.txt,dp,5124.0,20 22 59 65 81 85,0.004674114,seconds,
100,400,100,4,instances/n100_w400_v100_r4.txt,bt,5124.0,20 22 59 65 81 85,0.001351041,seconds,
100,400,100,4,instances/n100_w400_v100_r4.txt,bb,5124.0,20 22 59 65 81 85,0.00048677,seconds,
100,400,100,5,instances/n100_w400_v100_r5.txt,dp,3286.0,13 25 60 62 69,0.00088942,seconds,
100,400,100,5,instances/n100_w400_v100_r5.txt,bt,3286.0,13 25 60 62 69,0.00017765,seconds,
100,400,100,5,instances/n100_w400_v100_r5.txt,bb,3286.0,13 25 60 62 69,2.6794e-05,seconds,
100,400,100,6,instances/n100_w400_v100_r6.txt,dp,3689.0,1 13 19 38 65 92,0.003435229,seconds,
100,400,100,6,instances/n100_w400_v100_r6.txt,bt,3689.0,1 13 19 38 65 92,0.001322813,seconds,
100,400,100,6,instances/n100_w400_v100_r6.txt,bb,3689.0,1 13 19 38 65 92,0.000234899,seconds,
100,400,100,7,instances/n100_w400_v100_r7.txt,dp,3467.0,30 45 59 72 95,0.001334372,seconds,
100,400,100,7,instances/n100_w400_v100_r7.txt,bt,3467.0,30 45 59 72 95,0.000533884,seconds,
100,400,100,7,instances/n100_w400_v100_r7.txt,bb,3467.0,30 45 59 72 95,0.000199795,seconds,
100,400,100,8,instances/n100_w400_v100_r8.txt,dp,4798.0,17 34 38 48 59 66 82,0.004819584,seconds,
100,400,100,8,instances/n100_w400_v100_r8.txt,bt,4798.0,17 34 38 48 59 66 82,0.001875634,seconds,
100,400,100,8,instances/n100_w400_v100_r8.txt,bb,4798.0,17 34 38 48 59 66 82,0.000231415,seconds,
100,400,100,9,instances/n100_w400_v100_r9.txt,dp,4806.0,5 7 20 73 75 89,0.003817476,seconds,
100,400,100,9,instances/n100_w400_v100_r9.txt,bt,4806.0,5 7 20 73 75 89,0.001320016,seconds,
100,400,100,9,instances/n100_w400_v100_r9.txt,bb,4806.0,5 7 20 73 75 89,0.000377484,seconds,
100,400,100,10,instances/n100_w400_v100_r10.txt,dp,4598.0,11 25 55 58 67 74 75,0.011341266,seconds,
100,400,100,10,instances/n100_w400_v100_r10.txt,bt,4598.0,11 25 55 58 67 74 75,0.008211998,seconds,
100,400,100,10,instances/n100_w400_v100_r10.txt,bb,4598.0,11 25 55 58 67 74 75,0.002115575,seconds,
100,500,100,1,instances/n100_w500_v100_r1.txt,dp,4012.0,25 44 67 79 80,0.002338172,seconds,
100,500,100,1,instances/n100_w500_v100_r1.txt,bt,4012.0,25 44 67 79 80,0.001070704,seconds,
100,500,100,1,instances/n100_w500_v100_r1.txt,bb,4012.0,25 44 67 79 80,0.000168107,seconds,
100,500,100,2,instances/n100_w500_v100_r2.txt,dp,5560.0,44 49 53 80 88 93 98,0.004045627,seconds,
100,500,100,2,instances/n100_w500_v100_r2.txt,bt,5560.0,44 49 53 80 88 93 98,0.00294219,seconds,
100,500,100,2,instances/n100_w500_v100_r2.txt,bb,5560.0,44 49 53 80 88 93 98,0.000298577,seconds,
100,500,100,3,instances/n100_w500_v100_r3.txt,dp,3768.0,9 31 33 34 63,0.00228005,seconds,
100,500,100,3,instances/n100_w500_v100_r3.txt,bt,3768.0,9 31 33 34 63,0.000754446,seconds,
100,500,100,3,instances/n100_w500_v100_r3.txt,bb,3768.0,9 31 33 34 63,0.000787638,seconds,
100,500,100,4,instances/n100_w500_v100_r4.txt,dp,4606.0,26 30 41 53 69 74 85,0.007865345,seconds,
100,500,100,4,instances/n100_w500_v100_r4.txt,bt,4606.0,26 30 41 53 69 74 85,0.003776865,seconds,
100,500,100,4,instances/n100_w500_v100_r4.txt,bb,4606.0,26 30 41 53 69 74 85,0.001409245,seconds,
100,500,100,5,instances/n100_w500_v100_r5.txt,dp,5858.0,17 18 28 34 35 40 65 78 92,0.016170529,seconds,
100,500,100,5,instances/n100_w500_v100_r5.txt,bt,5858.0,17 18 28 34 35 40 65 78 92,0.011218339,seconds,
100,500,100,5,instances/n100_w500_v100_r5.txt,bb,5858.0,17 18 28 34 35 40 65 78 92,0.000836165,seconds,
100,500,100,6,instances/n100_w500_v100_r6.txt,dp,4354.0,3 12 57 60 74 90,0.002409692,seconds,
100,500,100,6,instances/n100_w500_v100_r6.txt,bt,4354.0,3 12 57 60 74 90,0.001170248,seconds,
100,500,100,6,instances/n100_w500_v100_r6.txt,bb,4354.0,3 12 57 60 74 90,0.000406772,seconds,
100,500,100,7,instances/n100_w500_v100_r7.txt,dp,4108.0,5 34 57 77 99 100,0.000978784,seconds,
100,500,100,7,instances/n100_w500_v100_r7.txt,bt,4108.0,5 34 57 77 99 100,0.000586395,seconds,
100,500,100,7,instances/n100_w500_v100_r7.txt,bb,4108.0,5 34 57 77 99 100,0.000572542,seconds,
100,500,100,8,instances/n100_w500_v100_r8.txt,dp,3814.0,22 37 64 70 81 92,0.001856406,seconds,
100,500,100,8,instances/n100_w500_v100_r8.txt,bt,3814.0,22 37 64 70 81 92,0.000540498,seconds,
100,500,100,8,instances/n100_w500_v100_r8.txt,bb,3814.0,22 37 64 70 81 92,0.000182559,seconds,
100,500,100,9,instances/n100_w500_v100_r9.txt,dp,5170.0,3 11 28 40 46 52 96,0.01890073,seconds,
100,500,100,9,instances/n100_w500_v100_r9.txt,bt,5170.0,3 11 28 40 46 52 96,0.013090229,seconds,
100,500,100,9,instances/n100_w500_v100_r9.txt,bb,5170.0,3 11 28 40 46 52 96,0.000858043,seconds,
100,500,100,10,instances/n100_w500_v100_r10.txt,dp,6075.0,21 27 28 56 63 72 89,0.002762162,seconds,
100,500,100,10,instances/n100_w500_v100_r10.txt,bt,6075.0,21 27 28 56 63 72 89,0.002127418,seconds,
100,500,100,10,instances/n100_w500_v100_r10.txt,bb,6075.0,21 27 28 56 63 72 89,0.000485584,seconds,
100,600,100,1,instances/n100_w600_v100_r1.txt,dp,3957.0,4 17 37 39 77,0.001831561,seconds,
100,600,100,1,instances/n100_w600_v100_r1.txt,bt,3957.0,4 17 37 39 77,0.000319562,seconds,
100,600,100,1,instances/n100_w600_v100_r1.txt,bb,3957.0,4 17 37 39 77,4.2552e-05,seconds,
100,600,100,2,instances/n100_w600_v100_r2.txt,dp,5900.0,2 37 47 61 82 86 99,0.008310416,seconds,
100,600,100,2,instances/n100_w600_v100_r2.txt,bt,5900.0,2 37 47 61 82 86 99,0.006182151,seconds,
100,600,100,2,instances/n100_w600_v100_r2.txt,bb,5900.0,2 37 47 61 82 86 99,0.000445466,seconds,
100,600,100,3,instances/n100_w600_v100_r3.txt,dp,3420.0,3 24 34 65 69 84,0.002101368,seconds,
100,600,100,3,instances/n100_w600_v100_r3.txt,bt,3420.0,3 24 34 65 69 84,0.000662511,seconds,
100,600,100,3,instances/n100_w600_v100_r3.txt,bb,3420.0,3 24 34 65 69 84,0.000164456,seconds,
100,600,100,4,instances/n100_w600_v100_r4.txt,dp,4769.0,2 56 87 94 98 99,0.003887821,seconds,
100,600,100,4,instances/n100_w600_v100_r4.txt,bt,4769.0,2 56 87 94 98 99,0.002775679,seconds,
100,600,100,4,instances/n100_w600_v100_r4.txt,bb,4769.0,2 56 87 94 98 99,0.001331188,seconds,
100,600,100,5,instances/n100_w600_v100_r5.txt,dp,4776.0,20 32 58 62 65 83 93,0.007848801,seconds,
100,600,100,5,instances/n100_w600_v100_r5.txt,bt,4776.0,20 32 58 62 65 83 93,0.004132791,seconds,
100,600,100,5,instances/n100_w600_v100_r5.txt,bb,4776.0,20 32 58 62 65 83 93,0.000391739,seconds,
100,600,100,6,instances/n100_w600_v100_r6.txt,dp,4168.0,17 42 59 61 89,0.003501386,seconds,
100,600,100,6,instances/n100_w600_v100_r6.txt,bt,4168.0,17 42 59 61 89,0.00056451,seconds,
100,600,100,6,instances/n100_w600_v100_r6.txt,bb,4168.0,17 42 59 61 89,0.000155925,seconds,
100,600,100,7,instances/n100_w600_v100_r7.txt,dp,3598.0,4 39 54 56 74,0.004942299,seconds,
100,600,100,7,instances/n100_w600_v100_r7.txt,bt,3598.0,4 39 54 56 74,0.000777201,seconds,
100,600,100,7,instances/n100_w600_v100_r7.txt,bb,3598.0,4 39 54 56 74,0.000216894,seconds,
100,600,100,8,instances/n100_w600_v100_r8.txt,dp,3661.0,9 16 42 43 70 94,0.004653373,seconds,
100,600,100,8,instances/n100_w600_v100_r8.txt,bt,3661.0,9 16 42 43 70 94,0.000967007,seconds,
100,600,100,8,instances/n100_w600_v100_r8.txt,bb,3661.0,9 16 42 43 70 94,0.000485674,seconds,
100,600,100,9,instances/n100_w600_v100_r9.txt,dp,3977.0,2 6 53 54 89 93,0.004100305,seconds,
100,600,100,9,instances/n100_w600_v100_r9.txt,bt,3977.0,2 6 53 54 89 93,0.001737034,seconds,
100,600,100,9,instances/n100_w600_v100_r9.txt,bb,3977.0,2 6 53 54 89 93,0.000642456,seconds,
100,600,100,10,instances/n100_w600_v100_r10.txt,dp,3553.0,14 54 55 95 98,0.001427755,seconds,
100,600,100,10,instances/n100_w600_v100_r10.txt,bt,3553.0,14 54 55 95 98,0.000762277,seconds,
100,600,100,10,instances/n100_w600_v100_r10.txt,bb,3553.0,14 54 55 95 98,0.000293371,seconds,
100,700,100,1,instances/n100_w700_v100_r1.txt,dp,3826.0,2 15 22 58 62,0.001391386,seconds,
100,700,100,1,instances/n100_w700_v100_r1.txt,bt,3826.0,2 15 22 58 62,0.00038018,seconds,
100,700,100,1,instances/n100_w700_v100_r1.txt,bb,3826.0,2 15 22 58 62,8.7987e-05,seconds,
100,700,100,2,instances/n100_w700_v100_r2.txt,dp,3663.0,5 13 25 75 77,0.002238433,seconds,
100,700,100,2,instances/n100_w700_v100_r2.txt,bt,3663.0,5 13 25 75 77,0.000717984,seconds,
100,700,100,2,instances/n100_w700_v100_r2.txt,bb,3663.0,5 13 25 75 77,0.000510913,seconds,
100,700,100,3,instances/n100_w700_v100_r3.txt,dp,3693.0,30 42 66 68 75,0.002136957,seconds,
100,700,100,3,instances/n100_w700_v100_r3.txt,bt,3693.0,30 42 66 68 75,0.001103859,seconds,
100,700,100,3,instances/n100_w700_v100_r3.txt,bb,3693.0,30 42 66 68 75,0.000376837,seconds,
100,700,100,4,instances/n100_w700_v100_r4.txt,dp,4299.0,32 38 46 52 79 98 100,0.005988313,seconds,
100,700,100,4,instances/n100_w700_v100_r4.txt,bt,4299.0,32 38 46 52 79 98 100,0.004197692,seconds,
100,700,100,4,instances/n100_w700_v100_r4.txt,bb,4299.0,32 38 46 52 79 98 100,0.000641714,seconds,
100,700,100,5,instances/n100_w700_v100_r5.txt,dp,4806.0,4 16 21 30 40 71 74 81,0.006916312,seconds,
100,700,100,5,instances/n100_w700_v100_r5.txt,bt,4806.0,4 16 21 30 40 71 74 81,0.002556056,seconds,
100,700,100,5,instances/n100_w700_v100_r5.txt,bb,4806.0,4 16 21 30 40 71 74 81,0.000740546,seconds,
100,700,100,6,instances/n100_w700_v100_r6.txt,dp,4469.0,22 41 44 51 76 80 99,0.003350915,seconds,
100,700,100,6,instances/n100_w700_v100_r6.txt,bt,4469.0,22 41 44 51 76 80 99,0.001893041,seconds,
100,700,100,6,instances/n100_w700_v100_r6.txt,bb,4469.0,22 41 44 51 76 80 99,0.001697863,seconds,
100,700,100,7,instances/n100_w700_v100_r7.txt,dp,4851.0,14 19 39 55 59 62 71,0.006616801,seconds,
100,700,100,7,instances/n100_w700_v100_r7.txt,bt,4851.0,14 19 39 55 59 62 71,0.002391701,seconds,
100,700,100,7,instances/n100_w700_v100_r7.txt,bb,4851.0,14 19 39 55 59 62 71,0.001349917,seconds,
100,700,100,8,instances/n100_w700_v100_r8.txt,dp,3998.0,16 26 72 73 79,0.002018193,seconds,
100,700,100,8,instances/n100_w700_v100_r8.txt,bt,3998.0,16 26 72 73 79,0.000693766,seconds,
100,700,100,8,instances/n100_w700_v100_r8.txt,bb,3998.0,16 26 72 73 79,0.00038601,seconds,
100,700,100,9,instances/n100_w700_v100_r9.txt,dp,4472.0,26 66 73 80 86 93,0.005632517,seconds,
100,700,100,9,instances/n100_w700_v100_r9.txt,bt,4472.0,26 66 73 80 86 93,0.002169071,seconds,
100,700,100,9,instances/n100_w700_v100_r9.txt,bb,4472.0,26 66 73 80 86 93,0.0004042,seconds,
100,700,100,10,instances/n100_w700_v100_r10.txt,dp,5092.0,9 28 53 65 93 96 100,0.004112881,seconds,
100,700,100,10,instances/n100_w700_v100_r10.txt,bt,5092.0,9 28 53 65 93 96 100,0.001795382,seconds,
100,700,100,10,instances/n100_w700_v100_r10.txt,bb,5092.0,9 28 53 65 93 96 100,0.000163789,seconds,
100,800,100,1,instances/n100_w800_v100_r1.txt,dp,3715.0,10 13 70 78 93,0.004019727,seconds,
100,800,100,1,instances/n100_w800_v100_r1.txt,bt,3715.0,10 13 70 78 93,0.001950491,seconds,
100,800,100,1,instances/n100_w800_v100_r1.txt,bb,3715.0,10 13 70 78 93,0.000531958,seconds,
100,800,100,2,instances/n100_w800_v100_r2.txt,dp,2963.0,12 43 57 63,0.000881268,seconds,
100,800,100,2,instances/n100_w800_v100_r2.txt,bt,2963.0,12 43 57 63,0.000409544,seconds,
100,800,100,2,instances/n100_w800_v100_r2.txt,bb,2963.0,12 43 57 63,0.000224301,seconds,
100,800,100,3,instances/n100_w800_v100_r3.txt,dp,4603.0,4 20 43 63 70,0.004953074,seconds,
100,800,100,3,instances/n100_w800_v100_r3.txt,bt,4603.0,4 20 43 63 70,0.001916663,seconds,
100,800,100,3,instances/n100_w800_v100_r3.txt,bb,4603.0,4 20 43 63 70,0.000364765,seconds,
100,800,100,4,instances/n100_w800_v100_r4.txt,dp,5500.0,18 23 36 48 53 55 74,0.005737614,seconds,
100,800,100,4,instances/n100_w800_v100_r4.txt,bt,5500.0,18 23 36 48 53 55 74,0.00187063,seconds,
100,800,100,4,instances/n100_w800_v100_r4.txt,bb,5500.0,18 23 36 48 53 55 74,0.000223921,seconds,
100,800,100,5,instances/n100_w800_v100_r5.txt,dp,3925.0,14 45 46 78 96 98,0.006143283,seconds,
100,800,100,5,instances/n100_w800_v100_r5.txt,bt,3925.0,14 45 46 78 96 98,0.002857647,seconds,
100,800,100,5,instances/n100_w800_v100_r5.txt,bb,3925.0,14 45 46 78 96 98,0.004034477,seconds,
100,800,100,6,instances/n100_w800_v100_r6.txt,dp,4577.0,6 7 46 63 86 94,0.003654447,seconds,
100,800,100,6,instances/n100_w800_v100_r6.txt,bt,4577.0,6 7 46 63 86 94,0.001649368,seconds,
100,800,100,6,instances/n100_w800_v100_r6.txt,bb,4577.0,6 7 46 63 86 94,0.000468291,seconds,
100,800,100,7,instances/n100_w800_v100_r7.txt,dp,3528.0,13 16 75 93,0.001786585,seconds,
100,800,100,7,instances/n100_w800_v100_r7.txt,bt,3528.0,13 16 75 93,0.001995954,seconds,
100,800,100,7,instances/n100_w800_v100_r7.txt,bb,3528.0,13 16 75 93,0.000714162,seconds,
100,800,100,8,instances/n100_w800_v100_r8.txt,dp,4407.0,7 9 75 79 91 94 99,0.001510056,seconds,
100,800,100,8,instances/n100_w800_v100_r8.txt,bt,4407.0,7 9 75 79 91 94 99,0.000822808,seconds,
100,800,100,8,instances/n100_w800_v100_r8.txt,bb,4407.0,7 9 75 79 91 94 99,0.000132397,seconds,
100,800,100,9,instances/n100_w800_v100_r9.txt,dp,6000.0,4 50 57 67 72 76 95,0.00730099,seconds,
100,800,100,9,instances/n100_w800_v100_r9.txt,bt,6000.0,4 50 57 67 72 76 95,0.00371005,seconds,
100,800,100,9,instances/n100_w800_v100_r9.txt,bb,6000.0,4 50 57 67 72 76 95,0.00062007,seconds,
100,800,100,10,instances/n100_w800_v100_r10.txt,dp,4143.0,12 26 34 53 55 73 81,0.010314635,seconds,
100,800,100,10,instances/n100_w800_v100_r10.txt,bt,4143.0,12 26 34 53 55 73 81,0.001819344,seconds,
100,800,100,10,instances/n100_w800_v100_r10.txt,bb,4143.0,12 26 34 53 55 73 81,0.000719467,seconds,
100,900,100,1,instances/n100_w900_v100_r1.txt,dp,3076.0,5 10 57 95,0.001026484,seconds,
100,900,100,1,instances/n100_w900_v100_r1.txt,bt,3076.0,5 10 57 95,0.000590573,seconds,
100,900,100,1,instances/n100_w900_v100_r1.txt,bb,3076.0,5 10 57 95,0.000429625,seconds,
100,900,100,2,instances/n100_w900_v100_r2.txt,dp,4339.0,1 24 62 74 78 79 94,0.006036787,seconds,
100,900,100,2,instances/n100_w900_v100_r2.txt,bt,4339.0,1 24 62 74 78 79 94,0.002113533,seconds,
100,900,100,2,instances/n100_w900_v100_r2.txt,bb,4339.0,1 24 62 74 78 79 94,0.000229366,seconds,
100,900,100,3,instances/n100_w900_v100_r3.txt,dp,4709.0,9 27 29 36 40 46 54,0.008453198,seconds,
100,900,100,3,instances/n100_w900_v100_r3.txt,bt,4709.0,9 27 29 36 40 46 54,0.002116991,seconds,
100,900,100,3,instances/n100_w900_v100_r3.txt,bb,4709.0,9 27 29 36 40 46 54,0.000388436,seconds,
100,900,100,4,instances/n100_w900_v100_r4.txt,dp,4001.0,2 15 16 73 92 94 95,0.002502934,seconds,
100,900,100,4,instances/n100_w900_v100_r4.txt,bt,4001.0,2 15 16 73 92 94 95,0.001143319,seconds,
100,900,100,4,instances/n100_w900_v100_r4.txt,bb,4001.0,2 15 16 73 92 94 95,0.000411815,seconds,
100,900,100,5,instances/n100_w900_v100_r5.txt,dp,4937.0,31 36 48 56 87 98,0.007173671,seconds,
100,900,100,5,instances/n100_w900_v100_r5.txt,bt,4937.0,31 36 48 56 87 98,0.004018183,seconds,
100,900,100,5,instances/n100_w900_v100_r5.txt,bb,4937.0,31 36 48 56 87 98,0.000299794,seconds,
100,900,100,6,instances/n100_w900_v100_r6.txt,dp,3858.0,34 37 57 63 70,0.006014622,seconds,
100,900,100,6,instances/n100_w900_v100_r6.txt,bt,3858.0,34 37 57 63 70,0.001659337,seconds,
100,900,100,6,instances/n100_w900_v100_r6.txt,bb,3858.0,34 37 57 63 70,0.001034926,seconds,
100,900,100,7,instances/n100_w900_v100_r7.txt,dp,4063.0,11 33 52 61 81 93,0.006681115,seconds,
100,900,100,7,instances/n100_w900_v100_r7.txt,bt,4063.0,11 33 52 61 81 93,0.002907258,seconds,
100,900,100,7,instances/n100_w900_v100_r7.txt,bb,4063.0,11 33 52 61 81 93,0.000547919,seconds,
100,900,100,8,instances/n100_w900_v100_r8.txt,dp,2966.0,23 24 67 70 87,0.002291558,seconds,
100,900,100,8,instances/n100_w900_v100_r8.txt,bt,2966.0,23 24 67 70 87,0.00122139,seconds,
100,900,100,8,instances/n100_w900_v100_r8.txt,bb,2966.0,23 24 67 70 87,0.000520872,seconds,
100,900,100,9,instances/n100_w900_v100_r9.txt,dp,4867.0,19 47 48 51 67 94,0.008162101,seconds,
100,900,100,9,instances/n100_w900_v100_r9.txt,bt,4867.0,19 47 48 51 67 94,0.001849391,seconds,
100,900,100,9,instances/n100_w900_v100_r9.txt,bb,4867.0,19 47 48 51 67 94,0.0003952,seconds,
100,900,100,10,instances/n100_w900_v100_r10.txt,dp,5019.0,12 27 64 73 77 79,0.002362355,seconds,
100,900,100,10,instances/n100_w900_v100_r10.txt,bt,5019.0,12 27 64 73 77 79,0.001576556,seconds,
100,900,100,10,instances/n100_w900_v100_r10.txt,bb,5019.0,12 27 64 73 77 79,0.000315968,seconds,
100,1000,100,1,instances/n100_w1000_v100_r1.txt,dp,3694.0,16 33 43 46 49 93,0.008429584,seconds,
100,1000,100,1,instances/n100_w1000_v100_r1.txt,bt,3694.0,16 33 43 46 49 93,0.002298355,seconds,
100,1000,100,1,instances/n100_w1000_v100_r1.txt,bb,3694.0,16 33 43 46 49 93,0.001084639,seconds,
100,1000,100,2,instances/n100_w1000_v100_r2.txt,dp,4131.0,32 66 69 72 75,0.002945734,seconds,
100,1000,100,2,instances/n100_w1000_v100_r2.txt,bt,4131.0,32 66 69 72 75,0.001190178,seconds,
100,1000,100,2,instances/n100_w1000_v100_r2.txt,bb,4131.0,32 66 69 72 75,0.000148217,seconds,
100,1000,100,3,instances/n100_w1000_v100_r3.txt,dp,4114.0,20 37 50 64 72,0.00261562,seconds,
100,1000,100,3,instances/n100_w1000_v100_r3.txt,bt,4114.0,20 37 50 64 72,0.000883759,seconds,
100,1000,100,3,instances/n100_w1000_v100_r3.txt,bb,4114.0,20 37 50 64 72,0.000156471,seconds,
100,1000,100,4,instances/n100_w1000_v100_r4.txt,dp,3671.0,18 44 47 72 89,0.004562494,seconds,
100,1000,100,4,instances/n100_w1000_v100_r4.txt,bt,3671.0,18 44 47 72 89,0.000695273,seconds,
100,1000,100,4,instances/n100_w1000_v100_r4.txt,bb,3671.0,18 44 47 72 89,0.000177616,seconds,
100,1000,100,5,instances/n100_w1000_v100_r5.txt,dp,4142.0,10 35 57 72 83 89,0.006830195,seconds,
100,1000,100,5,instances/n100_w1000_v100_r5.txt,bt,4142.0,10 35 57 72 83 89,0.001318569,seconds,
100,1000,100,5,instances/n100_w1000_v100_r5.txt,bb,4142.0,10 35 57 72 83 89,0.00045601,seconds,
100,1000,100,6,instances/n100_w1000_v100_r6.txt,dp,5245.0,11 21 22 32 69 90,0.004742347,seconds,
100,1000,100,6,instances/n100_w1000_v100_r6.txt,bt,5245.0,11 21 22 32 69 90,0.002351559,seconds,
100,1000,100,6,instances/n100_w1000_v100_r6.txt,bb,5245.0,11 21 22 32 69 90,0.000231567,seconds,
100,1000,100,7,instances/n100_w1000_v100_r7.txt,dp,4622.0,7 36 63 68 73 89 91,0.004354873,seconds,
100,1000,100,7,instances/n100_w1000_v100_r7.txt,bt,4622.0,7 36 63 68 73 89 91,0.002115673,seconds,
100,1000,100,7,instances/n100_w1000_v100_r7.txt,bb,4622.0,7 36 63 68 73 89 91,0.000400134,seconds,
100,1000,100,8,instances/n100_w1000_v100_r8.txt,dp,3655.0,27 38 68 91,0.001506566,seconds,
100,1000,100,8,instances/n100_w1000_v100_r8.txt,bt,3655.0,27 38 68 91,0.000609088,seconds,
100,1000,100,8,instances/n100_w1000_v100_r8.txt,bb,3655.0,27 38 68 91,0.000369844,seconds,
100,1000,100,9,instances/n100_w1000_v100_r9.txt,dp,5286.0,9 13 18 31 40 59 78,0.012278555,seconds,
100,1000,100,9,instances/n100_w1000_v100_r9.txt,bt,5286.0,9 13 18 31 40 59 78,0.005412989,seconds,
100,1000,100,9,instances/n100_w1000_v100_r9.txt,bb,5286.0,9 13 18 31 40 59 78,0.001045285,seconds,
100,1000,100,10,instances/n100_w1000_v100_r10.txt,dp,5592.0,12 33 40 44 72 76 88,0.006973278,seconds,
100,1000,100,10,instances/n100_w1000_v100_r10.txt,bt,5592.0,12 33 40 44 72 76 88,0.003518408,seconds,
100,1000,100,10,instances/n100_w1000_v100_r10.txt,bb,5592.0,12 33 40 44 72 76 88,0.000615309,seconds,
100,100,100,1,instances/n100_w100_v100_r1.txt,dp,5368.0,4 19 34 36 48 49 51,0.004375306,seconds,
100,100,100,1,instances/n100_w100_v100_r1.txt,bt,5368.0,4 19 34 36 48 49 51,0.00549006,seconds,
100,100,100,1,instances/n100_w100_v100_r1.txt,bb,5368.0,4 19 34 36 48 49 51,0.00066989,seconds,
100,100,100,2,instances/n100_w100_v100_r2.txt,dp,3709.0,36 39 52 56 64 79,0.002439943,seconds,
100,100,100,2,instances/n100_w100_v100_r2.txt,bt,3709.0,36 39 52 56 64 79,0.002991481,seconds,
100,100,100,2,instances/n100_w100_v100_r2.txt,bb,3709.0,36 39 52 56 64 79,0.000577595,seconds,
100,100,100,3,instances/n100_w100_v100_r3.txt,dp,4992.0,11 31 56 62 66 89 99,0.002290182,seconds,
100,100,100,3,instances/n100_w100_v100_r3.txt,bt,4992.0,11 31 56 62 66 89 99,0.002758886,seconds,
100,100,100,3,instances/n100_w100_v100_r3.txt,bb,4992.0,11 31 56 62 66 89 99,0.000556811,seconds,
100,100,100,4,instances/n100_w100_v100_r4.txt,dp,4498.0,5 30 57 65 69 78,0.003265493,seconds,
100,100,100,4,instances/n100_w100_v100_r4.txt,bt,4498.0,5 30 57 65 69 78,0.002815373,seconds,
100,100,100,4,instances/n100_w100_v100_r4.txt,bb,4498.0,5 30 57 65 69 78,0.000350536,seconds,
100,100,100,5,instances/n100_w100_v100_r5.txt,dp,4472.0,12 13 30 42 66 89,0.001677935,seconds,
100,100,100,5,instances/n100_w100_v100_r5.txt,bt,4472.0,12 13 30 42 66 89,0.001364731,seconds,
100,100,100,5,instances/n100_w100_v100_r5.txt,bb,4472.0,12 13 30 42 66 89,0.000229776,seconds,
100,100,100,6,instances/n100_w100_v100_r6.txt,dp,3988.0,2 29 46 55 84 94,0.001556575,seconds,
100,100,100,6,instances/n100_w100_v100_r6.txt,bt,3988.0,2 29 46 55 84 94,0.000593986,seconds,
100,100,100,6,instances/n100_w100_v100_r6.txt,bb,3988.0,2 29 46 55 84 94,0.000367757,seconds,
100,100,100,7,instances/n100_w100_v100_r7.txt,dp,5188.0,46 55 58 62 81 85,0.007440966,seconds,
100,100,100,7,instances/n100_w100_v100_r7.txt,bt,5188.0,46 55 58 62 81 85,0.005115501,seconds,
100,100,100,7,instances/n100_w100_v100_r7.txt,bb,5188.0,46 55 58 62 81 85,0.001250538,seconds,
100,100,100,8,instances/n100_w100_v100_r8.txt,dp,3326.0,45 51 54 83 86,0.001243585,seconds,
100,100,100,8,instances/n100_w100_v100_r8.txt,bt,3326.0,45 51 54 83 86,0.001186738,seconds,
100,100,100,8,instances/n100_w100_v100_r8.txt,bb,3326.0,45 51 54 83 86,5.5786e-05,seconds,
100,100,100,9,instances/n100_w100_v100_r9.txt,dp,3763.0,9 19 30 58 68 98,0.002093411,seconds,
100,100,100,9,instances/n100_w100_v100_r9.txt,bt,3763.0,9 19 30 58 68 98,0.000728083,seconds,
100,100,100,9,instances/n100_w100_v100_r9.txt,bb,3763.0,9 19 30 58 68 98,0.000361687,seconds,
100,100,100,10,instances/n100_w100_v100_r10.txt,dp,4631.0,1 4 38 47 78 82,0.002607384,seconds,
100,100,100,10,instances/n100_w100_v100_r10.txt,bt,4631.0,1 4 38 47 78 82,0.001604143,seconds,
100,100,100,10,instances/n100_w100_v100_r10.txt,bb,4631.0,1 4 38 47 78 82,0.000365196,seconds,
100,100,200,1,instances/n100_w100_v200_r1.txt,dp,5225.0,1 15 21 29 47 87,0.002472169,seconds,
100,100,200,1,instances/n100_w100_v200_r1.txt,bt,5225.0,1 15 21 29 47 87,0.000721045,seconds,
100,100,200,1,instances/n100_w100_v200_r1.txt,bb,5225.0,1 15 21 29 47 87,0.000125846,seconds,
100,100,200,2,instances/n100_w100_v200_r2.txt,dp,4227.0,44 74 75 86 97,0.00286476,seconds,
100,100,200,2,instances/n100_w100_v200_r2.txt,bt,4227.0,44 74 75 86 97,0.000831475,seconds,
100,100,200,2,instances/n100_w100_v200_r2.txt,bb,4227.0,44 74 75 86 97,0.000351772,seconds,
100,100,200,3,instances/n100_w100_v200_r3.txt,dp,3538.0,43 45 75 76 83,0.004071659,seconds,
100,100,200,3,instances/n100_w100_v200_r3.txt,bt,3538.0,43 45 75 76 83,0.001131886,seconds,
100,100,200,3,instances/n100_w100_v200_r3.txt,bb,3538.0,43 45 75 76 83,0.000315017,seconds,
100,100,200,4,instances/n100_w100_v200_r4.txt,dp,4665.0,12 39 57 63 83 94,0.002809482,seconds,
100,100,200,4,instances/n100_w100_v200_r4.txt,bt,4665.0,12 39 57 63 83 94,0.003237294,seconds,
100,100,200,4,instances/n100_w100_v200_r4.txt,bb,4665.0,12 39 57 63 83 94,0.000268715,seconds,
100,100,200,5,instances/n100_w100_v200_r5.txt,dp,6391.0,6 18 25 29 50 66 68,0.004963431,seconds,
100,100,200,5,instances/n100_w100_v200_r5.txt,bt,6391.0,6 18 25 29 50 66 68,0.002991155,seconds,
100,100,200,5,instances/n100_w100_v200_r5.txt,bb,6391.0,6 18 25 29 50 66 68,0.000572259,seconds,
100,100,200,6,instances/n100_w100_v200_r6.txt,dp,3946.0,1 22 24 35 66 92,0.00144994,seconds,
100,100,200,6,instances/n100_w100_v200_r6.txt,bt,3946.0,1 22 24 35 66 92,0.00072037,seconds,
100,100,200,6,instances/n100_w100_v200_r6.txt,bb,3946.0,1 22 24 35 66 92,0.000315872,seconds,
100,100,200,7,instances/n100_w100_v200_r7.txt,dp,4960.0,12 13 25 39 54 89 91,0.004384669,seconds,
100,100,200,7,instances/n100_w100_v200_r7.txt,bt,4960.0,12 13 25 39 54 89 91,0.004333618,seconds,
100,100,200,7,instances/n100_w100_v200_r7.txt,bb,4960.0,12 13 25 39 54 89 91,0.000781723,seconds,
100,100,200,8,instances/n100_w100_v200_r8.txt,dp,3594.0,13 19 35 38 89,0.002581456,seconds,
100,100,200,8,instances/n100_w100_v200_r8.txt,bt,3594.0,13 19 35 38 89,0.001107102,seconds,
100,100,200,8,instances/n100_w100_v200_r8.txt,bb,3594.0,13 19 35 38 89,0.00033558,seconds,
100,100,200,9,instances/n100_w100_v200_r9.txt,dp,3935.0,12 55 67 85 88,0.002878834,seconds,
100,100,200,9,instances/n100_w100_v200_r9.txt,bt,3935.0,12 55 67 85 88,0.002218047,seconds,
100,100,200,9,instances/n100_w100_v200_r9.txt,bb,3935.0,12 55 67 85 88,0.000329682,seconds,
100,100,200,10,instances/n100_w100_v200_r10.txt,dp,4550.0,43 45 60 84 96 98,0.003796227,seconds,
100,100,200,10,instances/n100_w100_v200_r10.txt,bt,4550.0,43 45 60 84 96 98,0.002288653,seconds,
100,100,200,10,instances/n100_w100_v200_r10.txt,bb,4550.0,43 45 60 84 96 98,0.000543939,seconds,
100,100,300,1,instances/n100_w100_v300_r1.txt,dp,3321.0,60 61 78 92 93,0.002842827,seconds,
100,100,300,1,instances/n100_w100_v300_r1.txt,bt,3321.0,60 61 78 92 93,0.00133567,seconds,
100,100,300,1,instances/n100_w100_v300_r1.txt,bb,3321.0,60 61 78 92 93,0.001065763,seconds,
100,100,300,2,instances/n100_w100_v300_r2.txt,dp,3740.0,28 43 44 60 67 78,0.003510989,seconds,
100,100,300,2,instances/n100_w100_v300_r2.txt,bt,3740.0,28 43 44 60 67 78,0.002718306,seconds,
100,100,300,2,instances/n100_w100_v300_r2.txt,bb,3740.0,28 43 44 60 67 78,0.001051885,seconds,
100,100,300,3,instances/n100_w100_v300_r3.txt,dp,3185.0,31 35 38 51,0.001373022,seconds,
100,100,300,3,instances/n100_w100_v300_r3.txt,bt,3185.0,31 35 38 51,0.000222325,seconds,
100,100,300,3,instances/n100_w100_v300_r3.txt,bb,3185.0,31 35 38 51,8.917e-05,seconds,
100,100,300,4,instances/n100_w100_v300_r4.txt,dp,4255.0,13 36 37 44 57 86,0.003452289,seconds,
100,100,300,4,instances/n100_w100_v300_r4.txt,bt,4255.0,13 36 37 44 57 86,0.001278289,seconds,
100,100,300,4,instances/n100_w100_v300_r4.txt,bb,4255.0,13 36 37 44 57 86,0.000250419,seconds,
100,100,300,5,instances/n100_w100_v300_r5.txt,dp,3412.0,25 34 62 64 68,0.001537641,seconds,
100,100,300,5,instances/n100_w100_v300_r5.txt,bt,3412.0,25 34 62 64 68,0.000733227,seconds,
100,100,300,5,instances/n100_w100_v300_r5.txt,bb,3412.0,25 34 62 64 68,0.00029521,seconds,
100,100,300,6,instances/n100_w100_v300_r6.txt,dp,4581.0,1 2 46 75 83 100,0.003403767,seconds,
100,100,300,6,instances/n100_w100_v300_r6.txt,bt,4581.0,1 2 46 75 83 100,0.002259159,seconds,
100,100,300,6,instances/n100_w100_v300_r6.txt,bb,4581.0,1 2 46 75 83 100,0.00021675,seconds,
100,100,300,7,instances/n100_w100_v300_r7.txt,dp,4375.0,12 39 69 72 87 95,0.00378201,seconds,
100,100,300,7,instances/n100_w100_v300_r7.txt,bt,4375.0,12 39 69 72 87 95,0.001260514,seconds,
100,100,300,7,instances/n100_w100_v300_r7.txt,bb,4375.0,12 39 69 72 87 95,0.000214187,seconds,
100,100,300,8,instances/n100_w100_v300_r8.txt,dp,3454.0,6 11 35 41 51 54,0.002700019,seconds,
100,100,300,8,instances/n100_w100_v300_r8.txt,bt,3454.0,6 11 35 41 51 54,0.000761809,seconds,
100,100,300,8,instances/n100_w100_v300_r8.txt,bb,3454.0,6 11 35 41 51 54,9.7817e-05,seconds,
100,100,300,9,instances/n100_w100_v300_r9.txt,dp,4124.0,30 51 54 83 87,0.001470327,seconds,
100,100,300,9,instances/n100_w100_v300_r9.txt,bt,4124.0,30 51 54 83 87,0.000546573,seconds,
100,100,300,9,instances/n100_w100_v300_r9.txt,bb,4124.0,30 51 54 83 87,0.000180138,seconds,
100,100,300,10,instances/n100_w100_v300_r10.txt,dp,4663.0,17 40 51 65 77 86,0.003648473,seconds,
100,100,300,10,instances/n100_w100_v300_r10.txt,bt,4663.0,17 40 51 65 77 86,0.001101196,seconds,
100,100,300,10,instances/n100_w100_v300_r10.txt,bb,4663.0,17 40 51 65 77 86,0.000655965,seconds,
100,100,400,1,instances/n100_w100_v400_r1.txt,dp,4389.0,19 30 42 75 86 94,0.002944339,seconds,
100,100,400,1,instances/n100_w100_v400_r1.txt,bt,4389.0,19 30 42 75 86 94,0.000886904,seconds,
100,100,400,1,instances/n100_w100_v400_r1.txt,bb,4389.0,19 30 42 75 86 94,0.000147645,seconds,
100,100,400,2,instances/n100_w100_v400_r2.txt,dp,3528.0,7 22 42 68 98,0.002498302,seconds,
100,100,400,2,instances/n100_w100_v400_r2.txt,bt,3528.0,7 22 42 68 98,0.001011629,seconds,
100,100,400,2,instances/n100_w100_v400_r2.txt,bb,3528.0,7 22 42 68 98,0.000366666,seconds,
100,100,400,3,instances/n100_w100_v400_r3.txt,dp,4943.0,11 45 59 62 79 96,0.005389012,seconds,
100,100,400,3,instances/n100_w100_v400_r3.txt,bt,4943.0,11 45 59 62 79 96,0.002151222,seconds,
100,100,400,3,instances/n100_w100_v400_r3.txt,bb,4943.0,11 45 59 62 79 96,0.001028588,seconds,
100,100,400,4,instances/n100_w100_v400_r4.txt,dp,3407.0,10 28 49 70 81,0.001967669,seconds,
100,100,400,4,instances/n100_w100_v400_r4.txt,bt,3407.0,10 28 49 70 81,0.000561852,seconds,
100,100,400,4,instances/n100_w100_v400_r4.txt,bb,3407.0,10 28 49 70 81,0.000141544,seconds,
100,100,400,5,instances/n100_w100_v400_r5.txt,dp,4638.0,5 31 47 49 66 95,0.003552933,seconds,
100,100,400,5,instances/n100_w100_v400_r5.txt,bt,4638.0,5 31 47 49 66 95,0.00111822,seconds,
100,100,400,5,instances/n100_w100_v400_r5.txt,bb,4638.0,5 31 47 49 66 95,0.000468627,seconds,
100,100,400,6,instances/n100_w100_v400_r6.txt,dp,3089.0,7 17 30 64 99,0.002171468,seconds,
100,100,400,6,instances/n100_w100_v400_r6.txt,bt,3089.0,7 17 30 64 99,0.000943098,seconds,
100,100,400,6,instances/n100_w100_v400_r6.txt,bb,3089.0,7 17 30 64 99,0.000256947,seconds,
100,100,400,7,instances/n100_w100_v400_r7.txt,dp,4354.0,29 33 59 62 82 83,0.005876199,seconds,
100,100,400,7,instances/n100_w100_v400_r7.txt,bt,4354.0,29 33 59 62 82 83,0.001763245,seconds,
100,100,400,7,instances/n100_w100_v400_r7.txt,bb,4354.0,29 33 59 62 82 83,0.000323895,seconds,
100,100,400,8,instances/n100_w100_v400_r8.txt,dp,4116.0,22 26 31 72 79 94,0.001909805,seconds,
100,100,400,8,instances/n100_w100_v400_r8.txt,bt,4116.0,22 26 31 72 79 94,0.000903793,seconds,
100,100,400,8,instances/n100_w100_v400_r8.txt,bb,4116.0,22 26 31 72 79 94,0.000352909,seconds,
100,100,400,9,instances/n100_w100_v400_r9.txt,dp,3255.0,14 32 76 77 99,0.001378819,seconds,
100,100,400,9,instances/n100_w100_v400_r9.txt,bt,3255.0,14 32 76 77 99,0.001446192,seconds,
100,100,400,9,instances/n100_w100_v400_r9.txt,bb,3255.0,14 32 76 77 99,0.000595728,seconds,
100,100,400,10,instances/n100_w100_v400_r10.txt,dp,3792.0,7 17 18 37 57 63,0.002933097,seconds,
100,100,400,10,instances/n100_w100_v400_r10.txt,bt,3792.0,7 17 18 37 57 63,0.001304988,seconds,
100,100,400,10,instances/n100_w100_v400_r10.txt,bb,3792.0,7 17 18 37 57 63,0.000499663,seconds,
100,100,500,1,instances/n100_w100_v500_r1.txt,dp,4449.0,26 32 52 64 71 86,0.005078116,seconds,
100,100,500,1,instances/n100_w100_v500_r1.txt,bt,4449.0,26 32 52 64 71 86,0.002247709,seconds,
100,100,500,1,instances/n100_w100_v500_r1.txt,bb,4449.0,26 32 52 64 71 86,0.001231619,seconds,
100,100,500,2,instances/n100_w100_v500_r2.txt,dp,5572.0,1 22 44 48 59 60 88,0.004814055,seconds,
100,100,500,2,instances/n100_w100_v500_r2.txt,bt,5572.0,1 22 44 48 59 60 88,0.00285391,seconds,
100,100,500,2,instances/n100_w100_v500_r2.txt,bb,5572.0,1 22 44 48 59 60 88,0.00038728,seconds,
100,100,500,3,instances/n100_w100_v500_r3.txt,dp,3442.0,17 31 66 85,0.000861382,seconds,
100,100,500,3,instances/n100_w100_v500_r3.txt,bt,3442.0,17 31 66 85,0.000315999,seconds,
100,100,500,3,instances/n100_w100_v500_r3.txt,bb,3442.0,17 31 66 85,0.000156795,seconds,
100,100,500,4,instances/n100_w100_v500_r4.txt,dp,4618.0,10 13 32 54 55 58 81,0.006979119,seconds,
100,100,500,4,instances/n100_w100_v500_r4.txt,bt,4618.0,10 13 32 54 55 58 81,0.01021747,seconds,
100,100,500,4,instances/n100_w100_v500_r4.txt,bb,4618.0,10 13 32 54 55 58 81,0.000844096,seconds,
100,100,500,5,instances/n100_w100_v500_r5.txt,dp,4708.0,14 49 59 63 73 92,0.003100831,seconds,
100,100,500,5,instances/n100_w100_v500_r5.txt,bt,4708.0,14 49 59 63 73 92,0.001044502,seconds,
100,100,500,5,instances/n100_w100_v500_r5.txt,bb,4708.0,14 49 59 63 73 92,0.000282713,seconds,
100,100,500,6,instances/n100_w100_v500_r6.txt,dp,3851.0,6 7 11 39 75 87,0.003561061,seconds,
100,100,500,6,instances/n100_w100_v500_r6.txt,bt,3851.0,6 7 11 39 75 87,0.001677975,seconds,
100,100,500,6,instances/n100_w100_v500_r6.txt,bb,3851.0,6 7 11 39 75 87,0.000225847,seconds,
100,100,500,7,instances/n100_w100_v500_r7.txt,dp,5244.0,5 33 45 69 78 86 92,0.00784194,seconds,
100,100,500,7,instances/n100_w100_v500_r7.txt,bt,5244.0,5 33 45 69 78 86 92,0.001307802,seconds,
100,100,500,7,instances/n100_w100_v500_r7.txt,bb,5244.0,5 33 45 69 78 86 92,0.000568559,seconds,
100,100,500,8,instances/n100_w100_v500_r8.txt,dp,3899.0,36 41 80 92 93 99,0.003135296,seconds,
100,100,500,8,instances/n100_w100_v500_r8.txt,bt,3899.0,36 41 80 92 93 99,0.001659737,seconds,
100,100,500,8,instances/n100_w100_v500_r8.txt,bb,3899.0,36 41 80 92 93 99,0.00031296,seconds,
100,100,500,9,instances/n100_w100_v500_r9.txt,dp,4290.0,37 39 51 65 67 79,0.004035315,seconds,
100,100,500,9,instances/n100_w100_v500_r9.txt,bt,4290.0,37 39 51 65 67 79,0.001387853,seconds,
100,100,500,9,instances/n100_w100_v500_r9.txt,bb,4290.0,37 39 51 65 67 79,0.000472537,seconds,
100,100,500,10,instances/n100_w100_v500_r10.txt,dp,4663.0,5 19 20 41 51 62 70,0.00780538,seconds,
100,100,500,10,instances/n100_w100_v500_r10.txt,bt,4663.0,5 19 20 41 51 62 70,0.002591971,seconds,
100,100,500,10,instances/n100_w100_v500_r10.txt,bb,4663.0,5 19 20 41 51 62 70,0.000345952,seconds,
100,100,600,1,instances/n100_w100_v600_r1.txt,dp,4279.0,32 48 52 76 81 82,0.003858928,seconds,
100,100,600,1,instances/n100_w100_v600_r1.txt,bt,4279.0,32 48 52 76 81 82,0.003351323,seconds,
100,100,600,1,instances/n100_w100_v600_r1.txt,bb,4279.0,32 48 52 76 81 82,0.001593065,seconds,
100,100,600,2,instances/n100_w100_v600_r2.txt,dp,4422.0,12 23 51 67 93 97,0.001049451,seconds,
100,100,600,2,instances/n100_w100_v600_r2.txt,bt,4422.0,12 23 51 67 93 97,0.000556948,seconds,
100,100,600,2,instances/n100_w100_v600_r2.txt,bb,4422.0,12 23 51 67 93 97,0.000187915,seconds,
100,100,600,3,instances/n100_w100_v600_r3.txt,dp,5388.0,31 54 71 72 76 79 81 87 97,0.007037183,seconds,
100,100,600,3,instances/n100_w100_v600_r3.txt,bt,5388.0,31 54 71 72 76 79 81 87 97,0.0045515,seconds,
100,100,600,3,instances/n100_w100_v600_r3.txt,bb,5388.0,31 54 71 72 76 79 81 87 97,0.000133688,seconds,
100,100,600,4,instances/n100_w100_v600_r4.txt,dp,3581.0,9 13 23 71 77,0.002755339,seconds,
100,100,600,4,instances/n100_w100_v600_r4.txt,bt,3581.0,9 13 23 71 77,0.002998789,seconds,
100,100,600,4,instances/n100_w100_v600_r4.txt,bb,3581.0,9 13 23 71 77,0.00029506,seconds,
100,100,600,5,instances/n100_w100_v600_r5.txt,dp,3763.0,2 8 39 98 100,0.002102476,seconds,
100,100,600,5,instances/n100_w100_v600_r5.txt,bt,3763.0,2 8 39 98 100,0.000563825,seconds,
100,100,600,5,instances/n100_w100_v600_r5.txt,bb,3763.0,2 8 39 98 100,0.000315031,seconds,
100,100,600,6,instances/n100_w100_v600_r6.txt,dp,4941.0,6 15 23 26 48 68,0.008891607,seconds,
100,100,600,6,instances/n100_w100_v600_r6.txt,bt,4941.0,6 15 23 26 48 68,0.003997928,seconds,
100,100,600,6,instances/n100_w100_v600_r6.txt,bb,4941.0,6 15 23 26 48 68,0.000746997,seconds,
100,100,600,7,instances/n100_w100_v600_r7.txt,dp,5304.0,1 3 21 23 36 37 100,0.012888314,seconds,
100,100,600,7,instances/n100_w100_v600_r7.txt,bt,5304.0,1 3 21 23 36 37 100,0.003875279,seconds,
100,100,600,7,instances/n100_w100_v600_r7.txt,bb,5304.0,1 3 21 23 36 37 100,0.00089679,seconds,
100,100,600,8,instances/n100_w100_v600_r8.txt,dp,2372.0,17 78 85,0.001380675,seconds,
100,100,600,8,instances/n100_w100_v600_r8.txt,bt,2372.0,17 78 85,0.000277246,seconds,
100,100,600,8,instances/n100_w100_v600_r8.txt,bb,2372.0,17 78 85,0.000206241,seconds,
100,100,600,9,instances/n100_w100_v600_r9.txt,dp,5082.0,19 26 51 61 63 80 81,0.007529051,seconds,
100,100,600,9,instances/n100_w100_v600_r9.txt,bt,5082.0,19 26 51 61 63 80 81,0.002376642,seconds,
100,100,600,9,instances/n100_w100_v600_r9.txt,bb,5082.0,19 26 51 61 63 80 81,0.000796367,seconds,
100,100,600,10,instances/n100_w100_v600_r10.txt,dp,5139.0,8 12 29 53 57 91,0.003281733,seconds,
100,100,600,10,instances/n100_w100_v600_r10.txt,bt,5139.0,8 12 29 53 57 91,0.001323492,seconds,
100,100,600,10,instances/n100_w100_v600_r10.txt,bb,5139.0,8 12 29 53 57 91,0.000336962,seconds,
100,100,700,1,instances/n100_w100_v700_r1.txt,dp,5310.0,5 20 39 40 50 62 77 80,0.012665678,seconds,
100,100,700,1,instances/n100_w100_v700_r1.txt,bt,5310.0,5 20 39 40 50 62 77 80,0.009581383,seconds,
100,100,700,1,instances/n100_w100_v700_r1.txt,bb,5310.0,5 20 39 40 50 62 77 80,0.000825139,seconds,
100,100,700,2,instances/n100_w100_v700_r2.txt,dp,5042.0,1 19 31 36 93 94,0.004758423,seconds,
100,100,700,2,instances/n100_w100_v700_r2.txt,bt,5042.0,1 19 31 36 93 94,0.001235947,seconds,
100,100,700,2,instances/n100_w100_v700_r2.txt,bb,5042.0,1 19 31 36 93 94,0.000216472,seconds,
100,100,700,3,instances/n100_w100_v700_r3.txt,dp,3827.0,52 70 71 83 92,0.002441227,seconds,
100,100,700,3,instances/n100_w100_v700_r3.txt,bt,3827.0,52 70 71 83 92,0.001090357,seconds,
100,100,700,3,instances/n100_w100_v700_r3.txt,bb,3827.0,52 70 71 83 92,0.00051154,seconds,
100,100,700,4,instances/n100_w100_v700_r4.txt,dp,4053.0,8 13 60 61 71 85,0.004375619,seconds,
100,100,700,4,instances/n100_w100_v700_r4.txt,bt,4053.0,8 13 60 61 71 85,0.001131701,seconds,
100,100,700,4,instances/n100_w100_v700_r4.txt,bb,4053.0,8 13 60 61 71 85,0.000160121,seconds,
100,100,700,5,instances/n100_w100_v700_r5.txt,dp,5378.0,63 67 74 77 86 87 93,0.004435873,seconds,
100,100,700,5,instances/n100_w100_v700_r5.txt,bt,5378.0,63 67 74 77 86 87 93,0.002583587,seconds,
100,100,700,5,instances/n100_w100_v700_r5.txt,bb,5378.0,63 67 74 77 86 87 93,0.000153002,seconds,
100,100,700,6,instances/n100_w100_v700_r6.txt,dp,5361.0,2 16 18 37 56 79 86,0.005197583,seconds,
100,100,700,6,instances/n100_w100_v700_r6.txt,bt,5361.0,2 16 18 37 56 79 86,0.001740966,seconds,
100,100,700,6,instances/n100_w100_v700_r6.txt,bb,5361.0,2 16 18 37 56 79 86,0.000534391,seconds,
100,100,700,7,instances/n100_w100_v700_r7.txt,dp,3736.0,10 25 42 57 73,0.003581479,seconds,
100,100,700,7,instances/n100_w100_v700_r7.txt,bt,3736.0,10 25 42 57 73,0.00125216,seconds,
100,100,700,7,instances/n100_w100_v700_r7.txt,bb,3736.0,10 25 42 57 73,0.000684766,seconds,
100,100,700,8,instances/n100_w100_v700_r8.txt,dp,4197.0,45 62 66 74 85,0.00348242,seconds,
100,100,700,8,instances/n100_w100_v700_r8.txt,bt,4197.0,45 62 66 74 85,0.001119871,seconds,
100,100,700,8,instances/n100_w100_v700_r8.txt,bb,4197.0,45 62 66 74 85,0.000353588,seconds,
100,100,700,9,instances/n100_w100_v700_r9.txt,dp,3673.0,30 38 41 57 97,0.002923112,seconds,
100,100,700,9,instances/n100_w100_v700_r9.txt,bt,3673.0,30 38 41 57 97,0.000903118,seconds,
100,100,700,9,instances/n100_w100_v700_r9.txt,bb,3673.0,30 38 41 57 97,0.00030869,seconds,
100,100,700,10,instances/n100_w100_v700_r10.txt,dp,3170.0,7 26 35 50 60,0.003335318,seconds,
100,100,700,10,instances/n100_w100_v700_r10.txt,bt,3170.0,7 26 35 50 60,0.000845399,seconds,
100,100,700,10,instances/n100_w100_v700_r10.txt,bb,3170.0,7 26 35 50 60,0.000213319,seconds,
100,100,800,1,instances/n100_w100_v800_r1.txt,dp,4362.0,30 37 44 84 90,0.003197754,seconds,
100,100,800,1,instances/n100_w100_v800_r1.txt,bt,4362.0,30 37 44 84 90,0.001791464,seconds,
100,100,800,1,instances/n100_w100_v800_r1.txt,bb,4362.0,30 37 44 84 90,0.000308696,seconds,
100,100,800,2,instances/n100_w100_v800_r2.txt,dp,4544.0,11 34 35 36 55 85,0.002505645,seconds,
100,100,800,2,instances/n100_w100_v800_r2.txt,bt,4544.0,11 34 35 36 55 85,0.000962049,seconds,
100,100,800,2,instances/n100_w100_v800_r2.txt,bb,4544.0,11 34 35 36 55 85,0.000415851,seconds,
100,100,800,3,instances/n100_w100_v800_r3.txt,dp,4330.0,35 37 47 59 68,0.003910206,seconds,
100,100,800,3,instances/n100_w100_v800_r3.txt,bt,4330.0,35 37 47 59 68,0.001596825,seconds,
100,100,800,3,instances/n100_w100_v800_r3.txt,bb,4330.0,35 37 47 59 68,0.000755597,seconds,
100,100,800,4,instances/n100_w100_v800_r4.txt,dp,4308.0,23 45 64 66 67 99,0.005471197,seconds,
100,100,800,4,instances/n100_w100_v800_r4.txt,bt,4308.0,23 45 64 66 67 99,0.002947923,seconds,
100,100,800,4,instances/n100_w100_v800_r4.txt,bb,4308.0,23 45 64 66 67 99,0.000244677,seconds,
100,100,800,5,instances/n100_w100_v800_r5.txt,dp,6747.0,1 4 38 42 45 59 60 86,0.014382358,seconds,
100,100,800,5,instances/n100_w100_v800_r5.txt,bt,6747.0,1 4 38 42 45 59 60 86,0.012262124,seconds,
100,100,800,5,instances/n100_w100_v800_r5.txt,bb,6747.0,1 4 38 42 45 59 60 86,0.00125559,seconds,
100,100,800,6,instances/n100_w100_v800_r6.txt,dp,3975.0,22 45 48 51 72 95,0.007155462,seconds,
100,100,800,6,instances/n100_w100_v800_r6.txt,bt,3975.0,22 45 48 51 72 95,0.004750641,seconds,
100,100,800,6,instances/n100_w100_v800_r6.txt,bb,3975.0,22 45 48 51 72 95,0.001513805,seconds,
100,100,800,7,instances/n100_w100_v800_r7.txt,dp,6218.0,6 44 45 53 71 82 87 97,0.00613231,seconds,
100,100,800,7,instances/n100_w100_v800_r7.txt,bt,6218.0,6 44 45 53 71 82 87 97,0.003045289,seconds,
100,100,800,7,instances/n100_w100_v800_r7.txt,bb,6218.0,6 44 45 53 71 82 87 97,0.001576895,seconds,
100,100,800,8,instances/n100_w100_v800_r8.txt,dp,4386.0,3 40 43 51 67 94,0.013071968,seconds,
100,100,800,8,instances/n100_w100_v800_r8.txt,bt,4386.0,3 40 43 51 67 94,0.00275806,seconds,
100,100,800,8,instances/n100_w100_v800_r8.txt,bb,4386.0,3 40 43 51 67 94,0.000212426,seconds,
100,100,800,9,instances/n100_w100_v800_r9.txt,dp,5866.0,29 58 73 75 78 95 99,0.00499896,seconds,
100,100,800,9,instances/n100_w100_v800_r9.txt,bt,5866.0,29 58 73 75 78 95 99,0.00239322,seconds,
100,100,800,9,instances/n100_w100_v800_r9.txt,bb,5866.0,29 58 73 75 78 95 99,0.00026465,seconds,
100,100,800,10,instances/n100_w100_v800_r10.txt,dp,4099.0,5 14 67 87 100,0.002183376,seconds,
100,100,800,10,instances/n100_w100_v800_r10.txt,bt,4099.0,5 14 67 87 100,0.001133007,seconds,
100,100,800,10,instances/n100_w100_v800_r10.txt,bb,4099.0,5 14 67 87 100,0.000329491,seconds,
100,100,900,1,instances/n100_w100_v900_r1.txt,dp,4180.0,10 16 25 38 81,0.001516804,seconds,
100,100,900,1,instances/n100_w100_v900_r1.txt,bt,4180.0,10 16 25 38 81,0.000680921,seconds,
100,100,900,1,instances/n100_w100_v900_r1.txt,bb,4180.0,10 16 25 38 81,0.000202256,seconds,
100,100,900,2,instances/n100_w100_v900_r2.txt,dp,4830.0,3 16 18 43 50 62,0.005182366,seconds,
100,100,900,2,instances/n100_w100_v900_r2.txt,bt,4830.0,3 16 18 43 50 62,0.001379684,seconds,
100,100,900,2,instances/n100_w100_v900_r2.txt,bb,4830.0,3 16 18 43 50 62,0.000177862,seconds,
100,100,900,3,instances/n100_w100_v900_r3.txt,dp,5030.0,12 27 39 41 64 66 71,0.008848185,seconds,
100,100,900,3,instances/n100_w100_v900_r3.txt,bt,5030.0,12 27 39 41 64 66 71,0.003209015,seconds,
100,100,900,3,instances/n100_w100_v900_r3.txt,bb,5030.0,12 27 39 41 64 66 71,0.000839883,seconds,
100,100,900,4,instances/n100_w100_v900_r4.txt,dp,3993.0,10 29 32 39 44 59,0.012461595,seconds,
100,100,900,4,instances/n100_w100_v900_r4.txt,bt,3993.0,10 29 32 39 44 59,0.005945486,seconds,
100,100,900,4,instances/n100_w100_v900_r4.txt,bb,3993.0,10 29 32 39 44 59,0.001054952,seconds,
100,100,900,5,instances/n100_w100_v900_r5.txt,dp,5100.0,21 28 31 43 52 72,0.020113724,seconds,
100,100,900,5,instances/n100_w100_v900_r5.txt,bt,5100.0,21 28 31 43 52 72,0.001795565,seconds,
100,100,900,5,instances/n100_w100_v900_r5.txt,bb,5100.0,21 28 31 43 52 72,6.576e-05,seconds,
100,100,900,6,instances/n100_w100_v900_r6.txt,dp,5224.0,15 16 19 31 38 50 78,0.004879565,seconds,
100,100,900,6,instances/n100_w100_v900_r6.txt,bt,5224.0,15 16 19 31 38 50 78,0.001831293,seconds,
100,100,900,6,instances/n100_w100_v900_r6.txt,bb,5224.0,15 16 19 31 38 50 78,0.000755404,seconds,
100,100,900,7,instances/n100_w100_v900_r7.txt,dp,4748.0,3 56 59 61 72 75,0.006114589,seconds,
100,100,900,7,instances/n100_w100_v900_r7.txt,bt,4748.0,3 56 59 61 72 75,0.001647333,seconds,
100,100,900,7,instances/n100_w100_v900_r7.txt,bb,4748.0,3 56 59 61 72 75,0.00041745,seconds,
100,100,900,8,instances/n100_w100_v900_r8.txt,dp,4688.0,6 28 35 80 89 100,0.004354678,seconds,
100,100,900,8,instances/n100_w100_v900_r8.txt,bt,4688.0,6 28 35 80 89 100,0.003010572,seconds,
100,100,900,8,instances/n100_w100_v900_r8.txt,bb,4688.0,6 28 35 80 89 100,0.000300346,seconds,
100,100,900,9,instances/n100_w100_v900_r9.txt,dp,3645.0,28 34 54 83 100,0.004941645,seconds,
100,100,900,9,instances/n100_w100_v900_r9.txt,bt,3645.0,28 34 54 83 100,0.001020104,seconds,
100,100,900,9,instances/n100_w100_v900_r9.txt,bb,3645.0,28 34 54 83 100,0.000463922,seconds,
100,100,900,10,instances/n100_w100_v900_r10.txt,dp,4135.0,5 28 72 75 85 99,0.002777179,seconds,
100,100,900,10,instances/n100_w100_v900_r10.txt,bt,4135.0,5 28 72 75 85 99,0.000967702,seconds,
100,100,900,10,instances/n100_w100_v900_r10.txt,bb,4135.0,5 28 72 75 85 99,0.000457966,seconds,
100,100,1000,1,instances/n100_w100_v1000_r1.txt,dp,5135.0,27 28 45 51 54 59 81 86,0.013003219,seconds,
100,100,1000,1,instances/n100_w100_v1000_r1.txt,bt,5135.0,27 28 45 51 54 59 81 86,0.006002619,seconds,
100,100,1000,1,instances/n100_w100_v1000_r1.txt,bb,5135.0,27 28 45 51 54 59 81 86,0.000517308,seconds,
100,100,1000,2,instances/n100_w100_v1000_r2.txt,dp,4410.0,1 12 42 59 60 80,0.004618425,seconds,
100,100,1000,2,instances/n100_w100_v1000_r2.txt,bt,4410.0,1 12 42 59 60 80,0.000925044,seconds,
100,100,1000,2,instances/n100_w100_v1000_r2.txt,bb,4410.0,1 12 42 59 60 80,0.000318062,seconds,
100,100,1000,3,instances/n100_w100_v1000_r3.txt,dp,4224.0,7 20 29 35 61 83,0.00956966,seconds,
100,100,1000,3,instances/n100_w100_v1000_r3.txt,bt,4224.0,7 20 29 35 61 83,0.002534695,seconds,
100,100,1000,3,instances/n100_w100_v1000_r3.txt,bb,4224.0,7 20 29 35 61 83,0.000183805,seconds,
100,100,1000,4,instances/n100_w100_v1000_r4.txt,dp,6749.0,4 8 34 35 60 82 95 99,0.021343369,seconds,
100,100,1000,4,instances/n100_w100_v1000_r4.txt,bt,6749.0,4 8 34 35 60 82 95 99,0.005064187,seconds,
100,100,1000,4,instances/n100_w100_v1000_r4.txt,bb,6749.0,4 8 34 35 60 82 95 99,0.00029078,seconds,
100,100,1000,5,instances/n100_w100_v1000_r5.txt,dp,3699.0,17 34 66 68 86 89 93,0.004363972,seconds,
100,100,1000,5,instances/n100_w100_v1000_r5.txt,bt,3699.0,17 34 66 68 86 89 93,0.002564815,seconds,
100,100,1000,5,instances/n100_w100_v1000_r5.txt,bb,3699.0,17 34 66 68 86 89 93,0.000851583,seconds,
100,100,1000,6,instances/n100_w100_v1000_r6.txt,dp,5428.0,13 35 42 43 54 62 86 96,0.019953321,seconds,
100,100,1000,6,instances/n100_w100_v1000_r6.txt,bt,5428.0,13 35 42 43 54 62 86 96,0.018178536,seconds,
100,100,1000,6,instances/n100_w100_v1000_r6.txt,bb,5428.0,13 35 42 43 54 62 86 96,0.002203179,seconds,
100,100,1000,7,instances/n100_w100_v1000_r7.txt,dp,3747.0,10 15 17 64 81,0.004501731,seconds,
100,100,1000,7,instances/n100_w100_v1000_r7.txt,bt,3747.0,10 15 17 64 81,0.002776017,seconds,
100,100,1000,7,instances/n100_w100_v1000_r7.txt,bb,3747.0,10 15 17 64 81,0.000947434,seconds,
100,100,1000,8,instances/n100_w100_v1000_r8.txt,dp,3706.0,16 56 66 70 96,0.001266347,seconds,
100,100,1000,8,instances/n100_w100_v1000_r8.txt,bt,3706.0,16 56 66 70 96,0.000538258,seconds,
100,100,1000,8,instances/n100_w100_v1000_r8.txt,bb,3706.0,16 56 66 70 96,0.000155072,seconds,
100,100,1000,9,instances/n100_w100_v1000_r9.txt,dp,4765.0,13 41 59 67 68 80,0.023977586,seconds,
100,100,1000,9,instances/n100_w100_v1000_r9.txt,bt,4765.0,13 41 59 67 68 80,0.009988112,seconds,
100,100,1000,9,instances/n100_w100_v1000_r9.txt,bb,4765.0,13 41 59 67 68 80,0.000817998,seconds,
100,100,1000,10,instances/n100_w100_v1000_r10.txt,dp,3888.0,19 28 31 35 40,0.002051197,seconds,
100,100,1000,10,instances/n100_w100_v1000_r10.txt,bt,3888.0,19 28 31 35 40,0.000597485,seconds,
100,100,1000,10,instances/n100_w100_v1000_r10.txt,bb,3888.0,19 28 31 35 40,0.000656311,seconds,
